dates,temp
2015-12-01,50.68
2015-12-02,51.13333333333333
2015-12-03,49.48
2015-12-04,48.4
2015-12-05,49.8
2015-12-06,54.2
2015-12-07,53.6
2015-12-08,57.68
2015-12-09,59.92
2015-12-10,63.77777777777778
2015-12-11,64.80952380952381
2015-12-12,71.82857142857142
2015-12-13,54.680851063829785
2015-12-14,58.16
2015-12-15,64.69047619047619
2015-12-16,56.36
2015-12-17,51.92
2015-12-18,45.44
2015-12-19,50.69230769230769
2015-12-20,61.02272727272727
2015-12-21,65.56410256410257
2015-12-22,65.6774193548387
2015-12-23,68.35483870967742
2015-12-24,63.806451612903224
2015-12-25,61.62222222222222
2015-12-26,74.12820512820512
2015-12-27,48.90909090909091
2015-12-28,39.60606060606061
2015-12-29,43.36666666666667
2015-12-30,47.75
2015-12-31,47.15384615384615
2016-01-01,45.44
2016-01-02,44.28
2016-01-03,48.36
2016-01-04,45.92
2016-01-05,46.57142857142857
2016-01-06,50.0
2016-01-07,54.18604651162791
2016-01-08,53.888888888888886
2016-01-09,47.857142857142854
2016-01-10,40.32
2016-01-11,42.6
2016-01-12,48.2
2016-01-13,51.6
2016-01-14,57.388888888888886
2016-01-15,57.56
2016-01-16,48.2962962962963
2016-01-17,44.61538461538461
2016-01-18,46.24
2016-01-19,53.774193548387096
2016-01-20,52.05263157894737
2016-01-21,54.026315789473685
2016-01-22,44.2
2016-01-23,43.96
2016-01-24,53.2
2016-01-25,62.40625
2016-01-26,49.44
2016-01-27,45.52
2016-01-28,50.04
2016-01-29,58.0
2016-01-30,61.142857142857146
2016-01-31,66.27272727272727
2016-02-01,63.674418604651166
2016-02-02,61.18518518518518
2016-02-03,47.92
2016-02-04,45.0
2016-02-05,48.56
2016-02-06,50.07142857142857
2016-02-07,49.08
2016-02-08,53.28
2016-02-09,54.12
2016-02-10,56.8
2016-02-11,66.12
2016-02-12,63.76
2016-02-13,62.12
2016-02-14,61.94444444444444
2016-02-15,62.3125
2016-02-16,63.52
2016-02-17,62.12
2016-02-18,63.34285714285714
2016-02-19,69.35483870967742
2016-02-20,69.38235294117646
2016-02-21,67.33333333333333
2016-02-22,62.82051282051282
2016-02-23,55.92727272727273
2016-02-24,51.8
2016-02-25,53.48
2016-02-26,52.2
2016-02-27,58.035714285714285
2016-02-28,63.65625
2016-02-29,67.89189189189189
2016-03-01,68.74193548387096
2016-03-02,63.96296296296296
2016-03-03,71.03448275862068
2016-03-04,61.76
2016-03-05,64.93333333333334
2016-03-06,64.4054054054054
2016-03-07,68.925
2016-03-08,71.87179487179488
2016-03-09,60.31884057971015
2016-03-10,61.05882352941177
2016-03-11,63.130434782608695
2016-03-12,62.39473684210526
2016-03-13,66.36111111111111
2016-03-14,74.2
2016-03-15,74.61290322580645
2016-03-16,70.9090909090909
2016-03-17,70.57377049180327
2016-03-18,69.6
2016-03-19,54.64
2016-03-20,51.72
2016-03-21,52.28
2016-03-22,62.42307692307692
2016-03-23,69.42105263157895
2016-03-24,60.44444444444444
2016-03-25,57.88
2016-03-26,60.41935483870968
2016-03-27,64.24324324324324
2016-03-28,62.08
2016-03-29,65.95833333333333
2016-03-30,71.14814814814815
2016-03-31,73.38235294117646
2016-04-01,55.9
2016-04-02,57.56
2016-04-03,61.48
2016-04-04,67.56
2016-04-05,67.56
2016-04-06,67.32142857142857
2016-04-07,67.2
2016-04-08,68.8
2016-04-09,65.97222222222223
2016-04-10,69.65789473684211
2016-04-11,75.875
2016-04-12,65.54545454545455
2016-04-13,62.96
2016-04-14,61.55813953488372
2016-04-15,65.85714285714286
2016-04-16,69.43076923076923
2016-04-17,68.91228070175438
2016-04-18,66.94871794871794
2016-04-19,68.16981132075472
2016-04-20,67.51063829787235
2016-04-21,66.64285714285714
2016-04-22,70.8
2016-04-23,70.44
2016-04-24,71.48717948717949
2016-04-25,77.4047619047619
2016-04-26,76.78125
2016-04-27,71.52941176470588
2016-04-28,74.74468085106383
2016-04-29,78.93023255813954
2016-04-30,74.41666666666667
2016-05-01,70.67857142857143
2016-05-02,62.69230769230769
2016-05-03,65.32
2016-05-04,71.32
2016-05-05,73.56
2016-05-06,72.16
2016-05-07,72.57692307692308
2016-05-08,70.46511627906976
2016-05-09,74.87878787878788
2016-05-10,76.4
2016-05-11,74.03225806451613
2016-05-12,75.85714285714286
2016-05-13,78.52
2016-05-14,70.83333333333333
2016-05-15,67.28947368421052
2016-05-16,69.35087719298245
2016-05-17,71.125
2016-05-18,66.97560975609755
2016-05-19,64.16666666666667
2016-05-20,70.5625
2016-05-21,75.91304347826087
2016-05-22,78.04545454545455
2016-05-23,76.53191489361703
2016-05-24,79.15789473684211
2016-05-25,80.5813953488372
2016-05-26,77.71739130434783
2016-05-27,69.73809523809524
2016-05-28,74.04255319148936
2016-05-29,77.83870967741936
2016-05-30,75.23684210526316
2016-05-31,73.7843137254902
2016-06-01,74.72340425531915
2016-06-02,73.45652173913044
2016-06-03,71.53191489361703
2016-06-04,73.61538461538461
2016-06-05,77.64
2016-06-06,79.52
2016-06-07,80.04
2016-06-08,80.76
2016-06-09,79.56
2016-06-10,80.80645161290323
2016-06-11,81.25581395348837
2016-06-12,83.19444444444444
2016-06-13,82.63636363636364
2016-06-14,83.62068965517241
2016-06-15,84.1875
2016-06-16,82.875
2016-06-17,83.23529411764706
2016-06-18,84.38709677419355
2016-06-19,83.40625
2016-06-20,83.92592592592592
2016-06-21,85.24
2016-06-22,84.07142857142857
2016-06-23,82.6
2016-06-24,81.93548387096774
2016-06-25,79.76
2016-06-26,82.97297297297297
2016-06-27,84.07692307692308
2016-06-28,78.52941176470588
2016-06-29,83.03703703703704
2016-06-30,85.15384615384616
2016-07-01,85.04
2016-07-02,83.70588235294117
2016-07-03,84.96774193548387
2016-07-04,86.92592592592592
2016-07-05,85.83333333333333
2016-07-06,85.40625
2016-07-07,86.10714285714286
2016-07-08,85.93548387096774
2016-07-09,86.03225806451613
2016-07-10,83.75
2016-07-11,86.14285714285714
2016-07-12,85.41379310344827
2016-07-13,86.86206896551724
2016-07-14,85.73333333333333
2016-07-15,86.5625
2016-07-16,83.89189189189189
2016-07-17,84.48571428571428
2016-07-18,86.1
2016-07-19,86.0
2016-07-20,86.3125
2016-07-21,87.92
2016-07-22,88.84
2016-07-23,88.07407407407408
2016-07-24,87.0
2016-07-25,83.80645161290323
2016-07-26,78.82352941176471
2016-07-27,76.94339622641509
2016-07-28,81.13157894736842
2016-07-29,83.35483870967742
2016-07-30,84.11428571428571
2016-07-31,84.33333333333333
2016-08-01,84.75862068965517
2016-08-02,85.25
2016-08-03,87.44
2016-08-04,87.18518518518519
2016-08-05,87.17241379310344
2016-08-06,86.51724137931035
2016-08-07,88.52
2016-08-08,87.77777777777777
2016-08-09,87.79310344827586
2016-08-10,88.6896551724138
2016-08-11,88.55172413793103
2016-08-12,87.92592592592592
2016-08-13,83.0
2016-08-14,76.25925925925925
2016-08-15,72.52222222222223
2016-08-16,74.546875
2016-08-17,77.53061224489795
2016-08-18,77.57894736842105
2016-08-19,80.63157894736842
2016-08-20,77.42372881355932
2016-08-21,76.48979591836735
2016-08-22,80.07894736842105
2016-08-23,82.51351351351352
2016-08-24,82.0
2016-08-25,80.62162162162163
2016-08-26,81.23333333333333
2016-08-27,82.12
2016-08-28,79.75
2016-08-29,78.41176470588235
2016-08-30,80.28571428571429
2016-08-31,82.73076923076923
2016-09-01,84.04
2016-09-02,80.71428571428571
2016-09-03,81.6
2016-09-04,81.93103448275862
2016-09-05,81.20588235294117
2016-09-06,81.85
2016-09-07,84.02777777777777
2016-09-08,82.60526315789474
2016-09-09,82.51351351351352
2016-09-10,79.02325581395348
2016-09-11,80.8
2016-09-12,81.76
2016-09-13,82.19354838709677
2016-09-14,82.4074074074074
2016-09-15,83.2
2016-09-16,84.33333333333333
2016-09-17,84.84
2016-09-18,86.2
2016-09-19,86.24
2016-09-20,85.8
2016-09-21,83.17241379310344
2016-09-22,82.24
2016-09-23,80.21739130434783
2016-09-24,81.07894736842105
2016-09-25,75.8135593220339
2016-09-26,71.32727272727273
2016-09-27,71.03448275862068
2016-09-28,74.84
2016-09-29,72.84
2016-09-30,69.57692307692308
2016-10-01,68.64
2016-10-02,71.44
2016-10-03,74.4
2016-10-04,78.53125
2016-10-05,80.61111111111111
2016-10-06,80.07894736842105
2016-10-07,75.08333333333333
2016-10-08,71.88
2016-10-09,69.28
2016-10-10,66.28
2016-10-11,70.88
2016-10-12,77.42857142857143
2016-10-13,75.5
2016-10-14,73.1025641025641
2016-10-15,77.45
2016-10-16,79.71875
2016-10-17,79.51282051282051
2016-10-18,81.23333333333333
2016-10-19,80.7
2016-10-20,74.28125
2016-10-21,63.84
2016-10-22,63.08
2016-10-23,69.25925925925925
2016-10-24,74.96296296296296
2016-10-25,72.23529411764706
2016-10-26,72.68571428571428
2016-10-27,74.44
2016-10-28,73.12
2016-10-29,72.2258064516129
2016-10-30,73.48148148148148
2016-10-31,70.22222222222223
2016-11-01,76.68
2016-11-02,77.72727272727273
2016-11-03,72.81538461538462
2016-11-04,70.0
2016-11-05,68.27083333333333
2016-11-06,64.78048780487805
2016-11-07,65.40625
2016-11-08,65.63492063492063
2016-11-09,62.92727272727273
2016-11-10,62.65384615384615
2016-11-11,61.09375
2016-11-12,63.59375
2016-11-13,63.68
2016-11-14,64.39393939393939
2016-11-15,68.48
2016-11-16,69.12
2016-11-17,69.02702702702703
2016-11-18,67.43243243243244
2016-11-19,50.8
2016-11-20,50.24
2016-11-21,60.88
2016-11-22,68.84
2016-11-23,62.484848484848484
2016-11-24,61.15384615384615
2016-11-25,61.083333333333336
2016-11-26,61.92
2016-11-27,66.75
2016-11-28,68.76923076923077
2016-11-29,62.04
2016-11-30,54.42307692307692
2016-12-01,53.04
2016-12-02,54.96296296296296
2016-12-03,50.54716981132076
2016-12-04,50.53191489361702
2016-12-05,49.42857142857143
2016-12-06,49.108108108108105
2016-12-07,49.02439024390244
2016-12-08,42.4375
2016-12-09,39.16
2016-12-10,46.46153846153846
2016-12-11,56.18181818181818
2016-12-12,54.793103448275865
2016-12-13,59.390243902439025
2016-12-14,51.241379310344826
2016-12-15,49.175
2016-12-16,58.34090909090909
2016-12-17,62.58695652173913
2016-12-18,29.72
2016-12-19,33.48
2016-12-20,46.76
2016-12-21,55.76
2016-12-22,57.61538461538461
2016-12-23,59.72549019607843
2016-12-24,71.21153846153847
2016-12-25,72.44736842105263
2016-12-26,73.72
2016-12-27,68.47222222222223
2016-12-28,71.02857142857142
2016-12-29,57.96
2016-12-30,51.44827586206897
2016-12-31,60.30555555555556
2017-01-01,61.0
2017-01-02,61.13157894736842
2017-01-03,58.04
2017-01-04,42.04
2017-01-05,45.96969696969697
2017-01-06,29.074074074074073
2017-01-07,30.25
2017-01-08,37.88
2017-01-09,57.96551724137931
2017-01-10,66.14814814814815
2017-01-11,68.37931034482759
2017-01-12,71.08823529411765
2017-01-13,67.53846153846153
2017-01-14,50.95918367346939
2017-01-15,60.39393939393939
2017-01-16,62.97560975609756
2017-01-17,50.80769230769231
2017-01-18,50.26
2017-01-19,57.96296296296296
2017-01-20,58.93103448275862
2017-01-21,60.56521739130435
2017-01-22,61.28
2017-01-23,59.52
2017-01-24,66.72
2017-01-25,61.48148148148148
2017-01-26,47.36
2017-01-27,48.04
2017-01-28,49.04
2017-01-29,53.4
2017-01-30,60.08
2017-01-31,61.34615384615385
2017-02-01,63.23529411764706
2017-02-02,54.25
2017-02-03,48.793103448275865
2017-02-04,49.57446808510638
2017-02-05,61.733333333333334
2017-02-06,70.82857142857142
2017-02-07,69.93939393939394
2017-02-08,68.0
2017-02-09,54.68
2017-02-10,60.67741935483871
2017-02-11,73.19354838709677
2017-02-12,70.1891891891892
2017-02-13,68.67647058823529
2017-02-14,52.39622641509434
2017-02-15,51.92307692307692
2017-02-16,54.32
2017-02-17,62.2962962962963
2017-02-18,71.16666666666667
2017-02-19,72.05405405405405
2017-02-20,60.604166666666664
2017-02-21,64.4
2017-02-22,68.52
2017-02-23,71.64
2017-02-24,67.51851851851852
2017-02-25,52.12
2017-02-26,59.142857142857146
2017-02-27,71.71052631578948
2017-02-28,73.05714285714286
2017-03-01,66.46428571428571
2017-03-02,56.36
2017-03-03,57.44
2017-03-04,56.45945945945946
2017-03-05,62.490196078431374
2017-03-06,72.05128205128206
2017-03-07,66.90625
2017-03-08,67.70967741935483
2017-03-09,70.0
2017-03-10,69.51724137931035
2017-03-11,63.870588235294115
2017-03-12,50.0
2017-03-13,53.875
2017-03-14,57.32
2017-03-15,62.206896551724135
2017-03-16,65.04878048780488
2017-03-17,70.64285714285714
2017-03-18,71.41666666666667
2017-03-19,72.3
2017-03-20,71.46666666666667
2017-03-21,70.77142857142857
2017-03-22,72.78125
2017-03-23,71.58823529411765
2017-03-24,70.0
2017-03-25,67.72
2017-03-26,71.77777777777777
2017-03-27,74.87096774193549
2017-03-28,74.74418604651163
2017-03-29,67.1891891891892
2017-03-30,66.32
2017-03-31,70.38461538461539
2017-04-01,69.6829268292683
2017-04-02,66.73469387755102
2017-04-03,69.24
2017-04-04,74.28
2017-04-05,63.4
2017-04-06,63.88
2017-04-07,66.76
2017-04-08,69.57142857142857
2017-04-09,71.88571428571429
2017-04-10,74.04255319148936
2017-04-11,66.60606060606061
2017-04-12,67.37142857142857
2017-04-13,70.18181818181819
2017-04-14,70.94736842105263
2017-04-15,73.63636363636364
2017-04-16,73.33333333333333
2017-04-17,70.47727272727273
2017-04-18,69.23529411764706
2017-04-19,72.43181818181819
2017-04-20,74.825
2017-04-21,76.6
2017-04-22,63.22222222222222
2017-04-23,63.08
2017-04-24,67.24
2017-04-25,73.83870967741936
2017-04-26,77.07407407407408
2017-04-27,69.62962962962963
2017-04-28,80.96296296296296
2017-04-29,78.4
2017-04-30,61.08108108108108
2017-05-01,72.56
2017-05-02,77.14814814814815
2017-05-03,78.13333333333334
2017-05-04,68.36
2017-05-05,70.24
2017-05-06,73.6
2017-05-07,74.6
2017-05-08,71.17948717948718
2017-05-09,72.65517241379311
2017-05-10,75.12121212121212
2017-05-11,75.13333333333334
2017-05-12,74.27272727272727
2017-05-13,74.44
2017-05-14,77.8
2017-05-15,76.05555555555556
2017-05-16,76.28571428571429
2017-05-17,74.6938775510204
2017-05-18,80.11428571428571
2017-05-19,81.96666666666667
2017-05-20,72.02173913043478
2017-05-21,68.36111111111111
2017-05-22,67.23809523809524
2017-05-23,68.07894736842105
2017-05-24,71.16
2017-05-25,78.22222222222223
2017-05-26,81.375
2017-05-27,82.8529411764706
2017-05-28,79.44444444444444
2017-05-29,76.09677419354838
2017-05-30,78.10714285714286
2017-05-31,75.26470588235294
2017-06-01,76.53125
2017-06-02,79.63829787234043
2017-06-03,77.76470588235294
2017-06-04,73.20833333333333
2017-06-05,74.78125
2017-06-06,80.07407407407408
2017-06-07,83.16
2017-06-08,82.08
2017-06-09,79.62162162162163
2017-06-10,79.62068965517241
2017-06-11,80.575
2017-06-12,81.63157894736842
2017-06-13,83.03030303030303
2017-06-14,83.45945945945945
2017-06-15,84.1470588235294
2017-06-16,85.0
2017-06-17,85.27272727272727
2017-06-18,85.9
2017-06-19,80.68181818181819
2017-06-20,85.76
2017-06-21,85.56
2017-06-22,85.88888888888889
2017-06-23,87.51612903225806
2017-06-24,78.82352941176471
2017-06-25,79.80645161290323
2017-06-26,77.27083333333333
2017-06-27,75.80392156862744
2017-06-28,79.04878048780488
2017-06-29,82.3953488372093
2017-06-30,85.11764705882354
2017-07-01,85.53125
2017-07-02,84.83333333333333
2017-07-03,84.45945945945945
2017-07-04,86.34375
2017-07-05,85.74193548387096
2017-07-06,84.73684210526316
2017-07-07,84.89285714285714
2017-07-08,87.70370370370371
2017-07-09,87.6
2017-07-10,87.64
2017-07-11,85.34375
2017-07-12,85.23333333333333
2017-07-13,85.33333333333333
2017-07-14,86.75
2017-07-15,81.67647058823529
2017-07-16,81.76
2017-07-17,84.75
2017-07-18,86.72
2017-07-19,86.46666666666667
2017-07-20,89.44
2017-07-21,89.72
2017-07-22,89.2
2017-07-23,84.58823529411765
2017-07-24,83.77777777777777
2017-07-25,86.63333333333334
2017-07-26,86.48387096774194
2017-07-27,88.72
2017-07-28,89.8
2017-07-29,92.2
2017-07-30,90.84
2017-07-31,86.96153846153847
2017-08-01,87.375
2017-08-02,81.10526315789474
2017-08-03,81.68571428571428
2017-08-04,86.24
2017-08-05,85.37142857142857
2017-08-06,86.46666666666667
2017-08-07,72.56716417910448
2017-08-08,82.10714285714286
2017-08-09,83.3030303030303
2017-08-10,86.84
2017-08-11,87.96
2017-08-12,88.36
2017-08-13,88.16
2017-08-14,86.51851851851852
2017-08-15,84.8
2017-08-16,86.44117647058823
2017-08-17,87.58064516129032
2017-08-18,86.27272727272727
2017-08-19,89.0
2017-08-20,88.36
2017-08-21,85.42424242424242
2017-08-22,87.68
2017-08-23,83.76
2017-08-24,82.79310344827586
2017-08-25,81.03125
2017-08-26,73.46153846153847
2017-08-27,72.12676056338029
2017-08-28,75.3225806451613
2017-08-29,79.72
2017-08-30,80.84
2017-08-31,79.6923076923077
2017-09-01,81.12
2017-09-02,81.76
2017-09-03,81.16
2017-09-04,80.76
2017-09-05,83.0
2017-09-06,77.0
2017-09-07,72.96
2017-09-08,73.6
2017-09-09,75.32
2017-09-10,75.44
2017-09-11,73.84
2017-09-12,76.84
2017-09-13,77.6
2017-09-14,80.09375
2017-09-15,79.82352941176471
2017-09-16,81.25
2017-09-17,79.21052631578948
2017-09-18,81.86111111111111
2017-09-19,82.47222222222223
2017-09-20,82.89189189189189
2017-09-21,81.84615384615384
2017-09-22,79.96969696969697
2017-09-23,79.975
2017-09-24,79.1470588235294
2017-09-25,78.61290322580645
2017-09-26,74.87096774193549
2017-09-27,76.20930232558139
2017-09-28,76.8048780487805
2017-09-29,72.87755102040816
2017-09-30,74.11538461538461
2017-10-01,75.2
2017-10-02,78.12121212121212
2017-10-03,77.40983606557377
2017-10-04,78.5111111111111
2017-10-05,78.46153846153847
2017-10-06,76.72
2017-10-07,77.92
2017-10-08,79.44
2017-10-09,79.75
2017-10-10,67.56666666666666
2017-10-11,67.44
2017-10-12,74.36
2017-10-13,76.88571428571429
2017-10-14,79.54838709677419
2017-10-15,72.94285714285714
2017-10-16,63.88
2017-10-17,62.64
2017-10-18,65.32
2017-10-19,70.17241379310344
2017-10-20,72.5945945945946
2017-10-21,78.13888888888889
2017-10-22,69.875
2017-10-23,65.36
2017-10-24,66.28
2017-10-25,63.64
2017-10-26,67.2
2017-10-27,56.16
2017-10-28,49.72
2017-10-29,56.76
2017-10-30,63.32
2017-10-31,55.142857142857146
2017-11-01,59.38775510204081
2017-11-02,75.3125
2017-11-03,78.26315789473684
2017-11-04,76.05
2017-11-05,76.21875
2017-11-06,76.09677419354838
2017-11-07,68.93103448275862
2017-11-08,49.8
2017-11-09,50.705882352941174
2017-11-10,57.06060606060606
2017-11-11,66.83333333333333
2017-11-12,69.55555555555556
2017-11-13,69.55555555555556
2017-11-14,70.10714285714286
2017-11-15,69.83783783783784
2017-11-16,71.75
2017-11-17,74.53125
2017-11-18,70.3103448275862
2017-11-19,53.07692307692308
2017-11-20,54.08
2017-11-21,61.407407407407405
2017-11-22,54.96296296296296
2017-11-23,53.48
2017-11-24,59.12
2017-11-25,64.32
2017-11-26,64.52
2017-11-27,63.25925925925926
2017-11-28,65.08
2017-11-29,61.15384615384615
2017-11-30,60.26923076923077
2017-12-01,63.36
2017-12-02,64.88
2017-12-03,65.65957446808511
2017-12-04,73.375
2017-12-05,59.21212121212121
2017-12-06,41.275862068965516
2017-12-07,38.94736842105263
2017-12-08,38.52
2017-12-09,51.28
2017-12-10,50.96
2017-12-11,57.28
2017-12-12,52.72
2017-12-13,48.76
2017-12-14,53.6
2017-12-15,50.32
2017-12-16,44.98148148148148
2017-12-17,47.77777777777778
2017-12-18,52.85454545454545
2017-12-19,62.18840579710145
2017-12-20,59.125
2017-12-21,66.77142857142857
2017-12-22,60.166666666666664
2017-12-23,44.52
2017-12-24,45.44827586206897
2017-12-25,47.205882352941174
2017-12-26,46.38461538461539
2017-12-27,39.03448275862069
2017-12-28,43.03125
2017-12-29,44.71875
2017-12-30,50.48275862068966
2017-12-31,34.45
2018-01-01,27.96153846153846
2018-01-02,28.78787878787879
2018-01-03,37.24
2018-01-04,43.76
2018-01-05,50.0
2018-01-06,51.54838709677419
2018-01-07,60.38709677419355
2018-01-08,56.11538461538461
2018-01-09,53.12
2018-01-10,57.0
2018-01-11,57.26470588235294
2018-01-12,43.84
2018-01-13,40.84
2018-01-14,45.04
2018-01-15,51.233333333333334
2018-01-16,29.594594594594593
2018-01-17,27.6
2018-01-18,36.88
2018-01-19,47.411764705882355
2018-01-20,58.13513513513514
2018-01-21,65.61224489795919
2018-01-22,55.56
2018-01-23,50.2
2018-01-24,48.0
2018-01-25,50.92857142857143
2018-01-26,58.666666666666664
2018-01-27,62.666666666666664
2018-01-28,58.67857142857143
2018-01-29,52.68
2018-01-30,50.08
2018-01-31,57.0
2018-02-01,61.36
2018-02-02,51.88
2018-02-03,51.108108108108105
2018-02-04,51.04255319148936
2018-02-05,47.61764705882353
2018-02-06,47.166666666666664
2018-02-07,40.142857142857146
2018-02-08,47.0
2018-02-09,57.108695652173914
2018-02-10,53.54
2018-02-11,35.23076923076923
2018-02-12,37.5
2018-02-13,43.60655737704918
2018-02-14,54.68852459016394
2018-02-15,69.08163265306122
2018-02-16,65.33333333333333
2018-02-17,55.03225806451613
2018-02-18,59.275
2018-02-19,73.25
2018-02-20,71.05084745762711
2018-02-21,46.07692307692308
2018-02-22,41.29824561403509
2018-02-23,51.98245614035088
2018-02-24,68.61111111111111
2018-02-25,58.54545454545455
2018-02-26,55.5
2018-02-27,66.13725490196079
2018-02-28,72.7
2018-03-01,63.32142857142857
2018-03-02,62.0
2018-03-03,61.53488372093023
2018-03-04,69.67567567567568
2018-03-05,71.32432432432432
2018-03-06,62.08
2018-03-07,56.6
2018-03-08,58.24
2018-03-09,62.90625
2018-03-10,74.20588235294117
2018-03-11,65.9
2018-03-12,55.48
2018-03-13,56.56
2018-03-14,58.44
2018-03-15,63.107142857142854
2018-03-16,72.34285714285714
2018-03-17,73.07894736842105
2018-03-18,71.86274509803921
2018-03-19,71.03703703703704
2018-03-20,60.28
2018-03-21,61.48
2018-03-22,66.48275862068965
2018-03-23,68.3125
2018-03-24,73.3030303030303
2018-03-25,72.39473684210526
2018-03-26,74.05555555555556
2018-03-27,69.85365853658537
2018-03-28,62.69620253164557
2018-03-29,65.02564102564102
2018-03-30,64.24
2018-03-31,68.26470588235294
2018-04-01,69.55263157894737
2018-04-02,70.46875
2018-04-03,71.6969696969697
2018-04-04,59.6
2018-04-05,68.94285714285714
2018-04-06,74.56410256410257
2018-04-07,48.22222222222222
2018-04-08,51.857142857142854
2018-04-09,59.354838709677416
2018-04-10,63.44
2018-04-11,66.2
2018-04-12,71.36111111111111
2018-04-13,73.3
2018-04-14,62.48275862068966
2018-04-15,60.36
2018-04-16,66.48
2018-04-17,71.3076923076923
2018-04-18,72.73333333333333
2018-04-19,66.92
2018-04-20,62.15384615384615
2018-04-21,64.94117647058823
2018-04-22,63.6551724137931
2018-04-23,69.56
2018-04-24,74.0
2018-04-25,66.625
2018-04-26,63.84
2018-04-27,68.48
2018-04-28,71.76
2018-04-29,71.24
2018-04-30,70.14634146341463
2018-05-01,74.51219512195122
2018-05-02,78.41935483870968
2018-05-03,78.86666666666666
2018-05-04,67.93333333333334
2018-05-05,71.37931034482759
2018-05-06,73.84
2018-05-07,75.92
2018-05-08,76.52
2018-05-09,74.375
2018-05-10,73.975
2018-05-11,77.28125
2018-05-12,78.63888888888889
2018-05-13,79.0
2018-05-14,79.75757575757575
2018-05-15,78.3170731707317
2018-05-16,81.23076923076923
2018-05-17,83.8
2018-05-18,80.75862068965517
2018-05-19,80.54545454545455
2018-05-20,73.67857142857143
2018-05-21,74.10526315789474
2018-05-22,77.04878048780488
2018-05-23,79.0
2018-05-24,79.8529411764706
2018-05-25,82.63333333333334
2018-05-26,86.32
2018-05-27,85.32
2018-05-28,85.16
2018-05-29,85.48
2018-05-30,83.67857142857143
2018-05-31,83.08333333333333
2018-06-01,85.20689655172414
2018-06-02,85.18181818181819
2018-06-03,83.88888888888889
2018-06-04,77.51515151515152
2018-06-05,84.55172413793103
2018-06-06,85.56666666666666
2018-06-07,83.84210526315789
2018-06-08,83.9
2018-06-09,81.8529411764706
2018-06-10,84.0
2018-06-11,84.41176470588235
2018-06-12,85.51612903225806
2018-06-13,85.53333333333333
2018-06-14,82.68571428571428
2018-06-15,81.97435897435898
2018-06-16,82.28571428571429
2018-06-17,81.42105263157895
2018-06-18,79.55555555555556
2018-06-19,75.8082191780822
2018-06-20,77.24444444444444
2018-06-21,81.55882352941177
2018-06-22,85.78125
2018-06-23,84.66666666666667
2018-06-24,84.86111111111111
2018-06-25,83.08571428571429
2018-06-26,85.7741935483871
2018-06-27,84.52777777777777
2018-06-28,84.6774193548387
2018-06-29,84.26315789473684
2018-06-30,85.96774193548387
2018-07-01,87.61538461538461
2018-07-02,86.27586206896552
2018-07-03,86.3225806451613
2018-07-04,77.35185185185185
2018-07-05,80.51162790697674
2018-07-06,85.64
2018-07-07,81.17647058823529
2018-07-08,78.93939393939394
2018-07-09,75.11864406779661
2018-07-10,80.57894736842105
2018-07-11,84.8
2018-07-12,85.28
2018-07-13,84.17241379310344
2018-07-14,83.97297297297297
2018-07-15,84.41176470588235
2018-07-16,83.74285714285715
2018-07-17,85.48148148148148
2018-07-18,87.71428571428571
2018-07-19,88.22222222222223
2018-07-20,88.11111111111111
2018-07-21,87.03571428571429
2018-07-22,89.64
2018-07-23,93.56
2018-07-24,91.04
2018-07-25,88.92
2018-07-26,88.52
2018-07-27,88.84
2018-07-28,88.28
2018-07-29,88.77777777777777
2018-07-30,89.44
2018-07-31,86.32142857142857
2018-08-01,85.88
2018-08-02,85.84
2018-08-03,86.64
2018-08-04,83.63636363636364
2018-08-05,83.94117647058823
2018-08-06,83.51428571428572
2018-08-07,84.27777777777777
2018-08-08,85.05128205128206
2018-08-09,86.5925925925926
2018-08-10,85.0
2018-08-11,79.57142857142857
2018-08-12,78.56410256410257
2018-08-13,84.17647058823529
2018-08-14,89.66666666666667
2018-08-15,85.62857142857143
2018-08-16,87.55172413793103
2018-08-17,89.0
2018-08-18,88.48148148148148
2018-08-19,87.13793103448276
2018-08-20,89.04
2018-08-21,90.70370370370371
2018-08-22,90.04347826086956
2018-08-23,90.24
2018-08-24,87.10344827586206
2018-08-25,86.45714285714286
2018-08-26,87.5
2018-08-27,85.5945945945946
2018-08-28,85.97222222222223
2018-08-29,85.70370370370371
2018-08-30,84.22857142857143
2018-08-31,85.73076923076923
2018-09-01,86.37037037037037
2018-09-02,84.54838709677419
2018-09-03,80.31914893617021
2018-09-04,78.46666666666667
2018-09-05,80.78048780487805
2018-09-06,81.29411764705883
2018-09-07,78.38297872340425
2018-09-08,78.6969696969697
2018-09-09,75.08928571428571
2018-09-10,73.5
2018-09-11,74.87692307692308
2018-09-12,77.6086956521739
2018-09-13,78.16666666666667
2018-09-14,76.85
2018-09-15,76.73684210526316
2018-09-16,77.70270270270271
2018-09-17,80.68
2018-09-18,82.92
2018-09-19,82.44
2018-09-20,78.82978723404256
2018-09-21,80.17391304347827
2018-09-22,74.64912280701755
2018-09-23,72.32558139534883
2018-09-24,76.5
2018-09-25,80.95238095238095
2018-09-26,78.38235294117646
2018-09-27,70.5925925925926
2018-09-28,74.81818181818181
2018-09-29,74.36666666666666
2018-09-30,75.81395348837209
2018-10-01,75.94871794871794
2018-10-02,78.11428571428571
2018-10-03,79.57894736842105
2018-10-04,79.3170731707317
2018-10-05,80.05714285714286
2018-10-06,78.87234042553192
2018-10-07,78.04545454545455
2018-10-08,75.625
2018-10-09,74.15686274509804
2018-10-10,69.32352941176471
2018-10-11,67.84
2018-10-12,74.56
2018-10-13,76.75510204081633
2018-10-14,76.20588235294117
2018-10-15,47.95161290322581
2018-10-16,48.13953488372093
2018-10-17,53.75
2018-10-18,58.0
2018-10-19,61.725806451612904
2018-10-20,63.833333333333336
2018-10-21,63.0
2018-10-22,59.6
2018-10-23,60.32142857142857
2018-10-24,60.14545454545455
2018-10-25,60.19444444444444
2018-10-26,64.4
2018-10-27,69.52
2018-10-28,71.2
2018-10-29,71.96153846153847
2018-10-30,73.11428571428571
2018-10-31,69.34
2018-11-01,57.483870967741936
2018-11-02,60.16
2018-11-03,66.0
2018-11-04,63.32432432432432
2018-11-05,68.69444444444444
2018-11-06,69.48780487804878
2018-11-07,74.0576923076923
2018-11-08,58.89795918367347
2018-11-09,53.02564102564103
2018-11-10,48.96
2018-11-11,50.6078431372549
2018-11-12,46.630434782608695
2018-11-13,37.46875
2018-11-14,40.84
2018-11-15,47.48
2018-11-16,52.92
2018-11-17,60.26923076923077
2018-11-18,52.70967741935484
2018-11-19,48.88461538461539
2018-11-20,49.92
2018-11-21,49.56
2018-11-22,56.04
2018-11-23,60.4
2018-11-24,62.38461538461539
2018-11-25,59.96551724137931
2018-11-26,47.56
2018-11-27,48.68
2018-11-28,58.48
2018-11-29,64.93939393939394
2018-11-30,69.47826086956522
2018-12-01,64.03703703703704
2018-12-02,58.36
2018-12-03,53.76
2018-12-04,47.36
2018-12-05,48.24
2018-12-06,54.479166666666664
2018-12-07,50.1764705882353
2018-12-08,43.86046511627907
2018-12-09,43.793103448275865
2018-12-10,44.52
2018-12-11,47.92
2018-12-12,59.21875
2018-12-13,59.708333333333336
2018-12-14,49.08695652173913
2018-12-15,52.56
2018-12-16,51.76
2018-12-17,54.86206896551724
2018-12-18,52.1875
2018-12-19,56.3448275862069
2018-12-20,55.36363636363637
2018-12-21,52.84
2018-12-22,60.56
2018-12-23,54.12
2018-12-24,51.714285714285715
2018-12-25,63.57142857142857
2018-12-26,64.91111111111111
2018-12-27,56.05263157894737
2018-12-28,46.96
2018-12-29,43.61538461538461
2018-12-30,40.25
2018-12-31,46.97560975609756
2019-01-01,42.27272727272727
2019-01-02,37.12820512820513
2019-01-03,38.94736842105263
2019-01-04,43.53125
2019-01-05,53.32
2019-01-06,58.27272727272727
2019-01-07,65.6590909090909
2019-01-08,60.63157894736842
2019-01-09,53.64
2019-01-10,51.88
2019-01-11,54.673469387755105
2019-01-12,54.21052631578947
2019-01-13,44.48275862068966
2019-01-14,43.45161290322581
2019-01-15,48.68421052631579
2019-01-16,53.878787878787875
2019-01-17,60.15625
2019-01-18,58.55555555555556
2019-01-19,49.84
2019-01-20,43.0
2019-01-21,52.06666666666667
2019-01-22,59.0
2019-01-23,42.84
2019-01-24,47.56
2019-01-25,49.96
2019-01-26,54.25
2019-01-27,52.36363636363637
2019-01-28,55.44
2019-01-29,43.2
2019-01-30,47.30769230769231
2019-01-31,52.86538461538461
2019-02-01,60.583333333333336
2019-02-02,61.27272727272727
2019-02-03,65.09615384615384
2019-02-04,68.87179487179488
2019-02-05,70.07142857142857
2019-02-06,70.57142857142857
2019-02-07,59.241379310344826
2019-02-08,35.04
2019-02-09,37.28260869565217
2019-02-10,42.666666666666664
2019-02-11,55.7037037037037
2019-02-12,53.52
2019-02-13,50.48
2019-02-14,60.96774193548387
2019-02-15,69.48
2019-02-16,49.5
2019-02-17,55.37931034482759
2019-02-18,49.4
2019-02-19,42.035714285714285
2019-02-20,48.61290322580645
2019-02-21,52.25
2019-02-22,53.486486486486484
2019-02-23,61.92307692307692
2019-02-24,54.12
2019-02-25,56.310344827586206
2019-02-26,58.58181818181818
2019-02-27,63.58695652173913
2019-02-28,42.96875
2019-03-01,48.054054054054056
2019-03-02,48.224489795918366
2019-03-03,42.03030303030303
2019-03-04,32.53846153846154
2019-03-05,36.96
2019-03-06,46.48148148148148
2019-03-07,61.294117647058826
2019-03-08,71.80555555555556
2019-03-09,72.31428571428572
2019-03-10,67.86792452830188
2019-03-11,59.878787878787875
2019-03-12,65.95833333333333
2019-03-13,68.825
2019-03-14,67.92592592592592
2019-03-15,54.16
2019-03-16,54.92
2019-03-17,56.72
2019-03-18,58.44
2019-03-19,59.32
2019-03-20,63.36
2019-03-21,64.4
2019-03-22,66.44
2019-03-23,67.65625
2019-03-24,70.69444444444444
2019-03-25,72.64516129032258
2019-03-26,66.08
2019-03-27,65.07692307692308
2019-03-28,65.44117647058823
2019-03-29,67.5
2019-03-30,62.24242424242424
2019-03-31,49.34615384615385
2019-04-01,51.48
2019-04-02,57.88
2019-04-03,63.45945945945946
2019-04-04,73.71794871794872
2019-04-05,71.0
2019-04-06,68.93333333333334
2019-04-07,65.56140350877193
2019-04-08,71.52
2019-04-09,74.84
2019-04-10,76.4
2019-04-11,70.6
2019-04-12,66.66666666666667
2019-04-13,61.72
2019-04-14,59.44
2019-04-15,66.88461538461539
2019-04-16,69.80555555555556
2019-04-17,73.38
2019-04-18,64.15
2019-04-19,64.8
2019-04-20,66.68
2019-04-21,68.52941176470588
2019-04-22,71.42424242424242
2019-04-23,71.85
2019-04-24,63.026666666666664
2019-04-25,70.6
2019-04-26,71.28
2019-04-27,72.96
2019-04-28,71.89473684210526
2019-04-29,74.39393939393939
2019-04-30,77.29411764705883
2019-05-01,77.31111111111112
2019-05-02,68.29166666666667
2019-05-03,68.0886075949367
2019-05-04,71.32
2019-05-05,73.92
2019-05-06,71.72916666666667
2019-05-07,72.8135593220339
2019-05-08,71.26315789473684
2019-05-09,74.66
2019-05-10,59.935483870967744
2019-05-11,60.280701754385966
2019-05-12,68.0
2019-05-13,70.92
2019-05-14,73.32
2019-05-15,73.82857142857142
2019-05-16,74.5
2019-05-17,78.84210526315789
2019-05-18,79.25490196078431
2019-05-19,80.7872340425532
2019-05-20,80.9
2019-05-21,76.3529411764706
2019-05-22,80.8108108108108
2019-05-23,81.85714285714286
2019-05-24,80.20588235294117
2019-05-25,79.04761904761905
2019-05-26,79.05405405405405
2019-05-27,78.25
2019-05-28,79.28571428571429
2019-05-29,81.61904761904762
2019-05-30,76.83783783783784
2019-05-31,79.89189189189189
2019-06-01,81.11764705882354
2019-06-02,82.03125
2019-06-03,82.65625
2019-06-04,77.28846153846153
2019-06-05,78.85714285714286
2019-06-06,75.57142857142857
2019-06-07,82.2
2019-06-08,84.0
2019-06-09,81.0
2019-06-10,78.96551724137932
2019-06-11,73.4
2019-06-12,77.88
2019-06-13,80.44
2019-06-14,80.92307692307692
2019-06-15,83.27586206896552
2019-06-16,79.75510204081633
2019-06-17,75.76470588235294
2019-06-18,83.04
2019-06-19,84.57142857142857
2019-06-20,83.9047619047619
2019-06-21,84.97222222222223
2019-06-22,83.39024390243902
2019-06-23,84.26315789473684
2019-06-24,72.25
2019-06-25,78.44444444444444
2019-06-26,78.26470588235294
2019-06-27,78.69767441860465
2019-06-28,79.90243902439025
2019-06-29,80.54838709677419
2019-06-30,74.39393939393939
2019-07-01,80.15384615384616
2019-07-02,80.11363636363636
2019-07-03,79.97058823529412
2019-07-04,82.36111111111111
2019-07-05,83.94285714285714
2019-07-06,83.28571428571429
2019-07-07,83.78947368421052
2019-07-08,80.55813953488372
2019-07-09,84.3
2019-07-10,84.96774193548387
2019-07-11,84.92592592592592
2019-07-12,86.36
2019-07-13,85.92
2019-07-14,87.72
2019-07-15,85.74074074074075
2019-07-16,85.90322580645162
2019-07-17,84.62162162162163
2019-07-18,85.57575757575758
2019-07-19,85.24242424242425
2019-07-20,87.07692307692308
2019-07-21,84.84375
2019-07-22,86.92592592592592
2019-07-23,85.55555555555556
2019-07-24,81.32
2019-07-25,79.48
2019-07-26,81.24
2019-07-27,84.68
2019-07-28,85.84848484848484
2019-07-29,86.3
2019-07-30,88.88
2019-07-31,88.1923076923077
2019-08-01,87.96
2019-08-02,88.44
2019-08-03,86.32
2019-08-04,82.5
2019-08-05,86.44827586206897
2019-08-06,88.28
2019-08-07,87.7
2019-08-08,87.90625
2019-08-09,87.66666666666667
2019-08-10,88.66666666666667
2019-08-11,88.0625
2019-08-12,88.41935483870968
2019-08-13,89.92592592592592
2019-08-14,88.2258064516129
2019-08-15,88.84
2019-08-16,90.68
2019-08-17,87.65625
2019-08-18,86.87179487179488
2019-08-19,88.53333333333333
2019-08-20,88.55555555555556
2019-08-21,86.83870967741936
2019-08-22,86.12121212121212
2019-08-23,84.42857142857143
2019-08-24,80.93333333333334
2019-08-25,84.6470588235294
2019-08-26,86.76470588235294
2019-08-27,83.91666666666667
2019-08-28,86.36
2019-08-29,87.86666666666666
2019-08-30,86.17647058823529
2019-08-31,86.57692307692308
2019-09-01,87.62068965517241
2019-09-02,88.32
2019-09-03,87.96
2019-09-04,88.44
2019-09-05,88.6
2019-09-06,89.6
2019-09-07,88.64
2019-09-08,86.70967741935483
2019-09-09,85.03125
2019-09-10,81.1590909090909
2019-09-11,80.02439024390245
2019-09-12,84.36363636363636
2019-09-13,85.29629629629629
2019-09-14,87.08
2019-09-15,86.2
2019-09-16,87.12
2019-09-17,82.62857142857143
2019-09-18,85.8
2019-09-19,81.77777777777777
2019-09-20,84.37142857142857
2019-09-21,84.78125
2019-09-22,84.58823529411765
2019-09-23,84.7
2019-09-24,83.63414634146342
2019-09-25,83.22857142857143
2019-09-26,84.26666666666667
2019-09-27,82.8
2019-09-28,84.21212121212122
2019-09-29,83.8
2019-09-30,84.46511627906976
2019-10-01,84.27777777777777
2019-10-02,84.3030303030303
2019-10-03,83.16666666666667
2019-10-04,84.2
2019-10-05,84.0
2019-10-06,84.56
2019-10-07,75.66666666666667
2019-10-08,73.52
2019-10-09,80.76666666666667
2019-10-10,84.11111111111111
2019-10-11,56.60526315789474
2019-10-12,58.6
2019-10-13,68.88
2019-10-14,77.96969696969697
2019-10-15,80.43181818181819
2019-10-16,66.57142857142857
2019-10-17,63.12
2019-10-18,67.56
2019-10-19,76.73333333333333
2019-10-20,78.06451612903226
2019-10-21,71.63636363636364
2019-10-22,67.12
2019-10-23,71.16
2019-10-24,64.13725490196079
2019-10-25,49.729729729729726
2019-10-26,57.12
2019-10-27,63.72
2019-10-28,66.37837837837837
2019-10-29,53.34285714285714
2019-10-30,46.191489361702125
2019-10-31,42.73076923076923
2019-11-01,46.84
2019-11-02,53.52
2019-11-03,57.92
2019-11-04,67.36
2019-11-05,71.88571428571429
2019-11-06,74.35483870967742
2019-11-07,57.8974358974359
2019-11-08,46.78125
2019-11-09,51.55263157894737
2019-11-10,63.16
2019-11-11,54.02777777777778
2019-11-12,35.64
2019-11-13,37.73076923076923
2019-11-14,41.31666666666667
2019-11-15,45.96875
2019-11-16,50.48
2019-11-17,55.111111111111114
2019-11-18,58.96
2019-11-19,63.84615384615385
2019-11-20,71.23529411764706
2019-11-21,73.48837209302326
2019-11-22,58.89473684210526
2019-11-23,53.111111111111114
2019-11-24,57.28
2019-11-25,68.28
2019-11-26,68.55882352941177
2019-11-27,57.08
2019-11-28,51.08108108108108
2019-11-29,51.0
2019-11-30,51.0
2019-12-01,51.0
2019-12-02,51.0
2019-12-03,51.0
2019-12-04,51.0
2019-12-05,51.0
2019-12-06,51.0
2019-12-07,51.0
2019-12-08,51.0
2019-12-09,51.0
2019-12-10,51.0
2019-12-11,51.0
2019-12-12,51.0
2019-12-13,51.0
2019-12-14,51.0
2019-12-15,51.0
2019-12-16,51.0
2019-12-17,51.0
2019-12-18,51.0
2019-12-19,51.0
2019-12-20,51.0
2019-12-21,51.0
2019-12-22,51.0
2019-12-23,51.0
2019-12-24,51.0
2019-12-25,51.0
2019-12-26,51.0
2019-12-27,51.0
2019-12-28,51.0
2019-12-29,51.0
2019-12-30,51.0
2019-12-31,51.0
2020-01-01,51.0
2020-01-02,51.0
2020-01-03,51.0
2020-01-04,51.0
2020-01-05,51.0
2020-01-06,51.0
2020-01-07,51.0
2020-01-08,51.0
2020-01-09,51.0
2020-01-10,51.0
2020-01-11,51.0
2020-01-12,51.0
2020-01-13,51.0
2020-01-14,51.0
2020-01-15,51.0
2020-01-16,51.0
2020-01-17,51.0
2020-01-18,51.0
2020-01-19,51.0
2020-01-20,51.0
2020-01-21,51.0
2020-01-22,51.0
2020-01-23,51.0
2020-01-24,51.0
2020-01-25,51.0
2020-01-26,51.0
2020-01-27,51.0
2020-01-28,51.0
2020-01-29,51.0
2020-01-30,51.0
2020-01-31,51.0
2020-02-01,51.0
2020-02-02,51.0
2020-02-03,51.0
2020-02-04,51.0
2020-02-05,51.0
2020-02-06,51.0
2020-02-07,51.0
2020-02-08,51.0
2020-02-09,51.0
2020-02-10,51.0
2020-02-11,51.0
2020-02-12,51.0
2020-02-13,51.0
2020-02-14,51.0
2020-02-15,51.0
2020-02-16,51.0
2020-02-17,51.0
2020-02-18,51.0
2020-02-19,51.0
2020-02-20,51.0
2020-02-21,51.0
2020-02-22,51.0
2020-02-23,51.0
2020-02-24,51.0
2020-02-25,51.0
2020-02-26,51.0
2020-02-27,51.0
2020-02-28,51.0
2020-02-29,51.0
2020-03-01,51.0
2020-03-02,51.0
2020-03-03,51.0
2020-03-04,51.0
2020-03-05,51.0
2020-03-06,51.0
2020-03-07,51.0
2020-03-08,51.0
2020-03-09,51.0
2020-03-10,51.0
2020-03-11,51.0
2020-03-12,51.0
2020-03-13,51.0
2020-03-14,51.0
2020-03-15,51.0
2020-03-16,51.0
2020-03-17,51.0
2020-03-18,51.0
2020-03-19,51.0
2020-03-20,51.0
2020-03-21,51.0
2020-03-22,51.0
2020-03-23,51.0
2020-03-24,51.0
2020-03-25,51.0
2020-03-26,51.0
2020-03-27,51.0
2020-03-28,51.0
2020-03-29,51.0
2020-03-30,51.0
2020-03-31,51.0
2020-04-01,51.0
2020-04-02,51.0
2020-04-03,51.0
2020-04-04,51.0
2020-04-05,51.0
2020-04-06,51.0
2020-04-07,51.0
2020-04-08,51.0
2020-04-09,51.0
2020-04-10,51.0
2020-04-11,51.0
2020-04-12,51.0
2020-04-13,51.0
2020-04-14,51.0
2020-04-15,51.0
2020-04-16,51.0
2020-04-17,51.0
2020-04-18,51.0
2020-04-19,51.0
2020-04-20,51.0
2020-04-21,51.0
2020-04-22,51.0
2020-04-23,51.0
2020-04-24,51.0
2020-04-25,51.0
2020-04-26,51.0
2020-04-27,51.0
2020-04-28,51.0
2020-04-29,51.0
2020-04-30,51.0
2020-05-01,51.0
2020-05-02,51.0
2020-05-03,51.0
2020-05-04,51.0
2020-05-05,51.0
2020-05-06,51.0
2020-05-07,51.0
2020-05-08,51.0
2020-05-09,51.0
2020-05-10,51.0
2020-05-11,51.0
2020-05-12,51.0
2020-05-13,51.0
2020-05-14,51.0
2020-05-15,51.0
2020-05-16,51.0
2020-05-17,51.0
2020-05-18,51.0
2020-05-19,51.0
2020-05-20,51.0
2020-05-21,51.0
2020-05-22,51.0
2020-05-23,51.0
2020-05-24,51.0
2020-05-25,51.0
2020-05-26,51.0
2020-05-27,51.0
2020-05-28,51.0
2020-05-29,51.0
2020-05-30,51.0
2020-05-31,51.0
2020-06-01,51.0
2020-06-02,51.0
2020-06-03,51.0
2020-06-04,51.0
2020-06-05,51.0
2020-06-06,51.0
2020-06-07,51.0
2020-06-08,51.0
2020-06-09,51.0
2020-06-10,51.0
2020-06-11,51.0
2020-06-12,51.0
2020-06-13,51.0
2020-06-14,51.0
2020-06-15,51.0
2020-06-16,51.0
2020-06-17,51.0
2020-06-18,51.0
2020-06-19,51.0
2020-06-20,51.0
2020-06-21,51.0
2020-06-22,51.0
2020-06-23,51.0
2020-06-24,51.0
2020-06-25,51.0
2020-06-26,51.0
2020-06-27,51.0
2020-06-28,51.0
2020-06-29,51.0
2020-06-30,51.0
2020-07-01,51.0
2020-07-02,51.0
2020-07-03,51.0
2020-07-04,51.0
2020-07-05,51.0
2020-07-06,51.0
2020-07-07,51.0
2020-07-08,51.0
2020-07-09,51.0
2020-07-10,51.0
2020-07-11,51.0
2020-07-12,51.0
2020-07-13,51.0
2020-07-14,51.0
2020-07-15,51.0
2020-07-16,51.0
2020-07-17,51.0
2020-07-18,51.0
2020-07-19,51.0
2020-07-20,51.0
2020-07-21,51.0
2020-07-22,51.0
2020-07-23,51.0
2020-07-24,51.0
2020-07-25,53.6
2020-07-26,80.55
2020-07-27,83.13513513513513
2020-07-28,84.03125
2020-07-29,82.57142857142857
2020-07-30,85.35483870967742
2020-07-31,81.07317073170732
2020-08-01,85.2
2020-08-02,84.92592592592592
2020-08-03,84.0
2020-08-04,87.56
2020-08-05,88.6
2020-08-06,86.6774193548387
2020-08-07,85.70270270270271
2020-08-08,86.7
2020-08-09,87.18181818181819
2020-08-10,86.30952380952381
2020-08-11,87.9090909090909
2020-08-12,89.71428571428571
2020-08-13,89.51851851851852
2020-08-14,91.4
2020-08-15,91.92
2020-08-16,91.64
2020-08-17,86.32
2020-08-18,89.32
2020-08-19,87.96
2020-08-20,85.64
2020-08-21,87.53571428571429
2020-08-22,77.05263157894737
2020-08-23,83.72
2020-08-24,86.68
2020-08-25,88.04
2020-08-26,86.54838709677419
2020-08-27,88.0
2020-08-28,91.28
2020-08-29,90.6
2020-08-30,87.6875
2020-08-31,88.30555555555556
2020-09-01,87.75675675675676
2020-09-02,79.76315789473684
2020-09-03,79.12727272727273
2020-09-04,74.57692307692308
2020-09-05,78.9375
2020-09-06,82.37037037037037
2020-09-07,84.08
2020-09-08,79.57575757575758
2020-09-09,74.54285714285714
2020-09-10,61.888888888888886
2020-09-11,72.92857142857143
2020-09-12,80.36
2020-09-13,83.88
2020-09-14,82.68
2020-09-15,81.85185185185185
2020-09-16,84.18518518518519
2020-09-17,80.65517241379311
2020-09-18,79.44
2020-09-19,75.62962962962963
2020-09-20,72.83333333333333
2020-09-21,69.82608695652173
2020-09-22,71.0377358490566
2020-09-23,72.5
2020-09-24,72.6896551724138
2020-09-25,74.24
2020-09-26,77.9375
2020-09-27,82.51724137931035
2020-09-28,73.19354838709677
2020-09-29,68.08
2020-09-30,70.96153846153847
2020-10-01,73.92
2020-10-02,71.32
2020-10-03,72.32
2020-10-04,75.12
2020-10-05,74.4
2020-10-06,74.5625
2020-10-07,76.08
2020-10-08,76.4
2020-10-09,78.70967741935483
2020-10-10,79.36
2020-10-11,82.0
2020-10-12,77.87096774193549
2020-10-13,73.16
2020-10-14,77.08
2020-10-15,77.61764705882354
2020-10-16,67.53846153846153
2020-10-17,69.78571428571429
2020-10-18,78.65625
2020-10-19,80.19047619047619
2020-10-20,80.3125
2020-10-21,78.04878048780488
2020-10-22,78.23076923076923
2020-10-23,70.85714285714286
2020-10-24,59.827586206896555
2020-10-25,70.71875
2020-10-26,62.35087719298246
2020-10-27,41.125
2020-10-28,44.94871794871795
2020-10-29,53.52
2020-10-30,56.72
2020-10-31,58.5
2020-11-01,63.6
2020-11-02,60.4
2020-11-03,61.6
2020-11-04,65.08
2020-11-05,67.25806451612904
2020-11-06,68.97222222222223
2020-11-07,67.68
2020-11-08,68.38461538461539
2020-11-09,72.9
2020-11-10,70.36111111111111
2020-11-11,69.68
2020-11-12,70.43333333333334
2020-11-13,72.10810810810811
2020-11-14,75.28947368421052
2020-11-15,64.16
2020-11-16,57.12
2020-11-17,58.8
2020-11-18,62.32
2020-11-19,66.58333333333333
2020-11-20,69.54285714285714
2020-11-21,70.79411764705883
2020-11-22,69.23809523809524
2020-11-23,57.833333333333336
2020-11-24,70.65714285714286
2020-11-25,64.3103448275862
2020-11-26,63.411764705882355
2020-11-27,65.63888888888889
2020-11-28,56.9
2020-11-29,50.22222222222222
2020-11-30,44.34615384615385
2020-12-01,47.4
2020-12-02,52.67857142857143
2020-12-03,46.6
2020-12-04,45.68
2020-12-05,45.56
2020-12-06,52.96
2020-12-07,53.4
2020-12-08,57.08
2020-12-09,60.96
2020-12-10,62.55555555555556
2020-12-11,63.53061224489796
2020-12-12,54.588235294117645
2020-12-13,53.825
2020-12-14,41.86206896551724
2020-12-15,46.05555555555556
2020-12-16,44.48
2020-12-17,46.6
2020-12-18,54.93103448275862
2020-12-19,59.327586206896555
2020-12-20,52.08
2020-12-21,54.88
2020-12-22,60.03846153846154
2020-12-23,65.34482758620689
2020-12-24,45.32
2020-12-25,52.24
2020-12-26,54.52
2020-12-27,60.88
2020-12-28,64.75
2020-12-29,66.70588235294117
2020-12-30,58.206896551724135
2020-12-31,40.015625
2021-01-01,42.36585365853659
2021-01-02,47.72
2021-01-03,53.48
2021-01-04,57.84
2021-01-05,60.645161290322584
2021-01-06,61.77777777777778
2021-01-07,51.04
2021-01-08,44.407407407407405
2021-01-09,43.84
2021-01-10,36.795918367346935
2021-01-11,39.22857142857143
2021-01-12,37.53846153846154
2021-01-13,47.4
2021-01-14,52.84
2021-01-15,48.64
2021-01-16,47.724137931034484
2021-01-17,52.2
2021-01-18,59.0
2021-01-19,60.04651162790697
2021-01-20,50.22222222222222
2021-01-21,55.833333333333336
2021-01-22,59.55882352941177
2021-01-23,57.78947368421053
2021-01-24,64.77083333333333
2021-01-25,67.08108108108108
2021-01-26,58.44
2021-01-27,54.04
2021-01-28,45.28
2021-01-29,54.970588235294116
2021-01-30,64.48387096774194
2021-01-31,57.74074074074074
2021-02-01,51.92
2021-02-02,53.72
2021-02-03,59.67857142857143
2021-02-04,66.78571428571429
2021-02-05,51.241379310344826
2021-02-06,56.37837837837838
2021-02-07,54.88
2021-02-08,59.69047619047619
2021-02-09,57.8
2021-02-10,40.94871794871795
2021-02-11,32.70909090909091
2021-02-12,30.782608695652176
2021-02-13,29.027027027027028
2021-02-14,21.576923076923077
2021-02-15,14.642857142857142
2021-02-16,18.88888888888889
2021-02-17,28.3
2021-02-18,29.892857142857142
2021-02-19,31.689655172413794
2021-02-20,44.77777777777778
2021-02-21,56.78125
2021-02-22,59.0
2021-02-23,63.724137931034484
2021-02-24,71.0
2021-02-25,54.36734693877551
2021-02-26,53.075
2021-02-27,66.68181818181819
2021-02-28,69.65789473684211
2021-03-01,52.52777777777778
2021-03-02,54.2
2021-03-03,56.36
2021-03-04,61.142857142857146
2021-03-05,64.78571428571429
2021-03-06,58.38461538461539
2021-03-07,57.68
2021-03-08,60.36
2021-03-09,65.06060606060606
2021-03-10,71.10344827586206
2021-03-11,71.8157894736842
2021-03-12,73.0625
2021-03-13,69.88461538461539
2021-03-14,61.90909090909091
2021-03-15,68.07407407407408
2021-03-16,71.61702127659575
2021-03-17,67.13793103448276
2021-03-18,58.56
2021-03-19,57.2
2021-03-20,57.72
2021-03-21,60.77777777777778
2021-03-22,61.87234042553192
2021-03-23,65.89655172413794
2021-03-24,65.15151515151516
2021-03-25,62.5945945945946
2021-03-26,67.48
2021-03-27,74.05882352941177
2021-03-28,65.32
2021-03-29,62.76923076923077
2021-03-30,69.9
2021-03-31,65.26315789473684
2021-04-01,58.88
2021-04-02,59.88
2021-04-03,58.3
2021-04-04,63.36363636363637
2021-04-05,66.97222222222223
2021-04-06,74.3225806451613
2021-04-07,74.66666666666667
2021-04-08,70.05405405405405
2021-04-09,77.3103448275862
2021-04-10,69.6
2021-04-11,71.12
2021-04-12,74.41176470588235
2021-04-13,75.78947368421052
2021-04-14,74.65853658536585
2021-04-15,64.36065573770492
2021-04-16,64.5625
2021-04-17,57.32142857142857
2021-04-18,58.84
2021-04-19,64.20833333333333
2021-04-20,64.72
2021-04-21,54.76
2021-04-22,61.121212121212125
2021-04-23,68.5875
2021-04-24,72.03846153846153
2021-04-25,72.75
2021-04-26,72.94594594594595
2021-04-27,74.4
2021-04-28,77.48648648648648
2021-04-29,71.55072463768116
2021-04-30,68.58064516129032
2021-05-01,68.46875
2021-05-02,74.5
2021-05-03,80.05714285714286
2021-05-04,75.38235294117646
2021-05-05,69.32
2021-05-06,73.64
2021-05-07,74.26923076923077
2021-05-08,76.94444444444444
2021-05-09,79.77272727272727
2021-05-10,72.85
2021-05-11,65.63636363636364
2021-05-12,64.89473684210526
2021-05-13,65.67567567567568
2021-05-14,72.3103448275862
2021-05-15,72.43589743589743
2021-05-16,73.29310344827586
2021-05-17,73.14634146341463
2021-05-18,70.68181818181819
2021-05-19,68.09302325581395
2021-05-20,74.5
2021-05-21,75.63888888888889
2021-05-22,74.16666666666667
2021-05-23,71.8923076923077
2021-05-24,74.18367346938776
2021-05-25,78.72222222222223
2021-05-26,77.85714285714286
2021-05-27,79.83783783783784
2021-05-28,74.90384615384616
2021-05-29,75.85185185185185
2021-05-30,74.8695652173913
2021-05-31,74.1470588235294
2021-06-01,73.4888888888889
2021-06-02,73.28571428571429
2021-06-03,67.63414634146342
2021-06-04,72.8157894736842
2021-06-05,74.3
2021-06-06,78.44117647058823
2021-06-07,81.63829787234043
2021-06-08,82.02272727272727
2021-06-09,81.70212765957447
2021-06-10,82.26829268292683
2021-06-11,82.10204081632654
2021-06-12,82.44736842105263
2021-06-13,86.2
2021-06-14,86.84
2021-06-15,86.36
2021-06-16,85.2
2021-06-17,86.44
2021-06-18,84.48
2021-06-19,83.36
2021-06-20,82.53846153846153
2021-06-21,85.39024390243902
2021-06-22,79.66666666666667
2021-06-23,83.89189189189189
2021-06-24,83.73913043478261
2021-06-25,84.17647058823529
2021-06-26,84.2
2021-06-27,80.775
2021-06-28,77.86842105263158
2021-06-29,76.59615384615384
2021-06-30,80.70967741935483
2021-07-01,84.44444444444444
2021-07-02,84.8
2021-07-03,82.52
2021-07-04,78.47727272727273
2021-07-05,76.72727272727273
2021-07-06,79.80555555555556
2021-07-07,77.62222222222222
2021-07-08,77.76086956521739
2021-07-09,77.01694915254237
2021-07-10,79.91304347826087
2021-07-11,82.04545454545455
2021-07-12,80.84615384615384
2021-07-13,76.70270270270271
2021-07-14,78.8157894736842
2021-07-15,81.83870967741936
2021-07-16,82.3225806451613
2021-07-17,82.79411764705883
2021-07-18,82.9375
2021-07-19,79.65714285714286
2021-07-20,80.75
2021-07-21,80.6
2021-07-22,79.55555555555556
2021-07-23,82.41666666666667
2021-07-24,84.40625
2021-07-25,83.83333333333333
2021-07-26,84.53333333333333
2021-07-27,86.2
2021-07-28,86.56
2021-07-29,84.6896551724138
2021-07-30,85.92
2021-07-31,85.27586206896552
2021-08-01,85.0625
2021-08-02,76.30434782608695
2021-08-03,82.08823529411765
2021-08-04,82.92
2021-08-05,79.6875
2021-08-06,80.88888888888889
2021-08-07,82.225
2021-08-08,84.54285714285714
2021-08-09,85.03333333333333
2021-08-10,85.10344827586206
2021-08-11,84.32352941176471
2021-08-12,84.0
2021-08-13,84.6
2021-08-14,85.34615384615384
2021-08-15,76.51020408163265
2021-08-16,82.12
2021-08-17,82.82857142857142
2021-08-18,83.15555555555555
2021-08-19,85.60606060606061
2021-08-20,84.29032258064517
2021-08-21,84.12121212121212
2021-08-22,83.51515151515152
2021-08-23,85.2
2021-08-24,86.07692307692308
2021-08-25,86.84
2021-08-26,86.18518518518519
2021-08-27,82.16216216216216
2021-08-28,81.86206896551724
2021-08-29,82.90625
2021-08-30,84.56
2021-08-31,87.07692307692308
2021-09-01,86.61764705882354
2021-09-02,84.4390243902439
2021-09-03,84.325
2021-09-04,85.36666666666666
2021-09-05,86.6923076923077
2021-09-06,82.71875
2021-09-07,83.24
2021-09-08,84.24
2021-09-09,83.0
2021-09-10,81.2
2021-09-11,79.36
2021-09-12,80.77777777777777
2021-09-13,79.53125
2021-09-14,77.6842105263158
2021-09-15,80.10714285714286
2021-09-16,81.68
2021-09-17,84.12
2021-09-18,84.48
2021-09-19,86.0
2021-09-20,86.4074074074074
2021-09-21,83.78125
2021-09-22,75.52
2021-09-23,73.0
2021-09-24,74.32
2021-09-25,75.72
2021-09-26,76.32
2021-09-27,78.8
2021-09-28,76.4375
2021-09-29,74.08333333333333
2021-09-30,78.1923076923077
2021-10-01,76.60975609756098
2021-10-02,83.4074074074074
2021-10-03,79.12
2021-10-04,77.44
2021-10-05,75.08
2021-10-06,74.76
2021-10-07,77.36
2021-10-08,77.6
2021-10-09,75.92307692307692
2021-10-10,76.62162162162163
2021-10-11,71.43333333333334
2021-10-12,77.20454545454545
2021-10-13,75.9074074074074
2021-10-14,72.34883720930233
2021-10-15,73.85365853658537
2021-10-16,63.84
2021-10-17,61.96
2021-10-18,64.56
2021-10-19,70.48148148148148
2021-10-20,72.83333333333333
2021-10-21,74.2
2021-10-22,75.12
2021-10-23,75.91176470588235
2021-10-24,74.55
2021-10-25,76.96666666666667
2021-10-26,77.72222222222223
2021-10-27,68.22857142857143
2021-10-28,69.04
2021-10-29,69.48
2021-10-30,63.72
2021-10-31,66.6923076923077
2021-11-01,67.68
2021-11-02,67.97222222222223
2021-11-03,54.27536231884058
2021-11-04,52.05128205128205
2021-11-05,52.16
2021-11-06,55.24
2021-11-07,59.24
2021-11-08,60.833333333333336
2021-11-09,63.55263157894737
2021-11-10,69.81818181818181
2021-11-11,65.67857142857143
2021-11-12,60.541666666666664
2021-11-13,57.84
2021-11-14,63.12
2021-11-15,67.86206896551724
2021-11-16,70.85714285714286
2021-11-17,70.61290322580645
2021-11-18,58.68
2021-11-19,55.48
2021-11-20,61.05128205128205
2021-11-21,68.23684210526316
2021-11-22,56.96
2021-11-23,56.24
2021-11-24,66.48148148148148
2021-11-25,61.39473684210526
2021-11-26,49.84
2021-11-27,50.413333333333334
2021-11-28,53.583333333333336
2021-11-29,57.08
2021-11-30,60.30769230769231
2021-12-01,60.21875
2021-12-02,63.25806451612903
2021-12-03,67.88095238095238
2021-12-04,69.52631578947368
2021-12-05,71.58695652173913
2021-12-06,63.8974358974359
2021-12-07,53.64
2021-12-08,61.74074074074074
2021-12-09,68.75
2021-12-10,73.88636363636364
2021-12-11,54.52
2021-12-12,47.76
2021-12-13,56.78947368421053
2021-12-14,66.80434782608695
2021-12-15,73.425
2021-12-16,73.34883720930233
2021-12-17,73.23809523809524
2021-12-18,62.74603174603175
2021-12-19,47.44
2021-12-20,49.76
2021-12-21,52.04
2021-12-22,60.12
2021-12-23,62.575
2021-12-24,67.05882352941177
2021-12-25,69.1
2021-12-26,66.44897959183673
2021-12-27,70.81818181818181
2021-12-28,68.75757575757575
2021-12-29,67.97619047619048
2021-12-30,67.14814814814815
2021-12-31,70.87755102040816
2022-01-01,66.35483870967742
2022-01-02,35.84615384615385
2022-01-03,41.16
2022-01-04,50.56
2022-01-05,55.44
2022-01-06,45.48
2022-01-07,37.2
2022-01-08,51.48529411764706
2022-01-09,55.0
2022-01-10,48.758620689655174
2022-01-11,44.92
2022-01-12,50.84
2022-01-13,54.56
2022-01-14,59.8
2022-01-15,48.12
2022-01-16,46.16
2022-01-17,50.4
2022-01-18,58.96
2022-01-19,64.34375
2022-01-20,35.225806451612904
2022-01-21,37.68
2022-01-22,41.08
2022-01-23,50.72
2022-01-24,49.51724137931034
2022-01-25,49.93333333333333
2022-01-26,47.53333333333333
2022-01-27,52.6
2022-01-28,48.72
2022-01-29,50.24
2022-01-30,54.28
2022-01-31,55.34567901234568
2022-02-01,56.725
2022-02-02,46.90625
2022-02-03,29.945454545454545
2022-02-04,28.625
2022-02-05,37.12
2022-02-06,42.8
2022-02-07,47.36
2022-02-08,50.76
2022-02-09,55.48
2022-02-10,57.34615384615385
2022-02-11,61.76
2022-02-12,50.241379310344826
2022-02-13,47.84
2022-02-14,53.4
2022-02-15,59.18518518518518
2022-02-16,66.92105263157895
2022-02-17,57.354838709677416
2022-02-18,44.16
2022-02-19,49.24
2022-02-20,58.37931034482759
2022-02-21,69.94285714285714
2022-02-22,67.46666666666667
2022-02-23,34.03703703703704
2022-02-24,32.205882352941174
2022-02-25,34.827586206896555
2022-02-26,38.67307692307692
2022-02-27,44.59375
2022-02-28,49.84615384615385
2022-03-01,56.08
2022-03-02,60.48
2022-03-03,65.72
2022-03-04,67.3529411764706
2022-03-05,70.64516129032258
2022-03-06,72.65714285714286
2022-03-07,47.76923076923077
2022-03-08,46.24
2022-03-09,48.76
2022-03-10,58.0
2022-03-11,46.06896551724138
2022-03-12,43.64
2022-03-13,52.04
2022-03-14,63.70967741935484
2022-03-15,63.88
2022-03-16,64.68
2022-03-17,63.3421052631579
2022-03-18,61.53846153846154
2022-03-19,61.88
2022-03-20,64.57692307692308
2022-03-21,67.01515151515152
2022-03-22,58.84615384615385
2022-03-23,56.4
2022-03-24,59.08
2022-03-25,66.28
2022-03-26,72.92
2022-03-27,71.88
2022-03-28,71.26666666666667
2022-03-29,72.93939393939394
2022-03-30,68.63636363636364
2022-03-31,61.92307692307692
2022-04-01,66.36
2022-04-02,71.51851851851852
2022-04-03,69.53333333333333
2022-04-04,71.5945945945946
2022-04-05,81.03703703703704
2022-04-06,70.08
2022-04-07,64.92
2022-04-08,62.92
2022-04-09,68.16
2022-04-10,72.75757575757575
2022-04-11,74.85416666666667
2022-04-12,77.34883720930233
2022-04-13,79.03571428571429
2022-04-14,70.04
2022-04-15,71.94285714285714
2022-04-16,76.1470588235294
2022-04-17,75.325
2022-04-18,68.41935483870968
2022-04-19,65.68571428571428
2022-04-20,74.84375
2022-04-21,76.13888888888889
2022-04-22,75.66666666666667
2022-04-23,76.13333333333334
2022-04-24,76.11428571428571
2022-04-25,64.44827586206897
2022-04-26,65.33333333333333
2022-04-27,70.57142857142857
2022-04-28,74.65789473684211
2022-04-29,75.77777777777777
2022-04-30,78.64864864864865
2022-05-01,76.58974358974359
2022-05-02,77.59375
2022-05-03,79.28888888888889
2022-05-04,77.975
2022-05-05,74.0
2022-05-06,71.46666666666667
2022-05-07,82.05714285714286
2022-05-08,81.5945945945946
2022-05-09,83.75862068965517
2022-05-10,82.76666666666667
2022-05-11,80.66666666666667
2022-05-12,79.86666666666666
2022-05-13,78.92857142857143
2022-05-14,80.72727272727273
2022-05-15,83.12
2022-05-16,82.29032258064517
2022-05-17,81.56666666666666
2022-05-18,80.96875
2022-05-19,81.70967741935483
2022-05-20,83.25
2022-05-21,83.02702702702703
2022-05-22,71.09375
2022-05-23,75.62857142857143
2022-05-24,74.63157894736842
2022-05-25,68.90322580645162
2022-05-26,79.16
2022-05-27,83.44
2022-05-28,81.48484848484848
2022-05-29,82.92857142857143
2022-05-30,82.77142857142857
2022-05-31,83.36111111111111
2022-06-01,82.21428571428571
2022-06-02,80.55172413793103
2022-06-03,82.2
2022-06-04,78.80645161290323
2022-06-05,83.84615384615384
2022-06-06,85.58620689655173
2022-06-07,86.39285714285714
2022-06-08,84.71875
2022-06-09,85.875
2022-06-10,88.0
2022-06-11,90.44
2022-06-12,88.88461538461539
2022-06-13,84.56
2022-06-14,87.22727272727273
2022-06-15,85.24242424242425
2022-06-16,87.03333333333333
2022-06-17,87.68
2022-06-18,87.88
2022-06-19,88.6
2022-06-20,88.96
2022-06-21,89.16
2022-06-22,88.13793103448276
2022-06-23,90.32
2022-06-24,89.32
2022-06-25,88.2
2022-06-26,88.8
2022-06-27,78.61904761904762
2022-06-28,81.07407407407408
2022-06-29,84.88
2022-06-30,85.73076923076923
2022-07-01,84.48275862068965
2022-07-02,86.90625
2022-07-03,86.96551724137932
2022-07-04,86.16129032258064
2022-07-05,85.88235294117646
2022-07-06,85.94117647058823
2022-07-07,88.51724137931035
2022-07-08,88.63333333333334
2022-07-09,92.16
2022-07-10,92.8
2022-07-11,92.48
2022-07-12,92.32
2022-07-13,92.6
2022-07-14,86.6896551724138
2022-07-15,85.0
2022-07-16,84.72972972972973
2022-07-17,89.84
2022-07-18,90.16
2022-07-19,89.88
2022-07-20,88.43333333333334
2022-07-21,88.41379310344827
2022-07-22,87.54838709677419
2022-07-23,87.58620689655173
2022-07-24,87.08333333333333
2022-07-25,88.11111111111111
2022-07-26,89.04
2022-07-27,87.66666666666667
2022-07-28,88.07407407407408
2022-07-29,88.0
2022-07-30,89.64
2022-07-31,89.03846153846153
2022-08-01,88.25
2022-08-02,89.76
2022-08-03,88.70967741935483
2022-08-04,88.03125
2022-08-05,86.02702702702703
2022-08-06,85.78787878787878
2022-08-07,84.3157894736842
2022-08-08,85.22857142857143
2022-08-09,88.6
2022-08-10,87.56
2022-08-11,87.68
2022-08-12,87.76
2022-08-13,89.4
2022-08-14,83.56666666666666
2022-08-15,85.0
2022-08-16,86.26666666666667
2022-08-17,89.96
2022-08-18,80.9375
2022-08-19,78.09615384615384
2022-08-20,83.60526315789474
2022-08-21,83.78125
2022-08-22,78.78846153846153
2022-08-23,78.45
2022-08-24,82.62962962962963
2022-08-25,84.48
2022-08-26,85.84
2022-08-27,85.03703703703704
2022-08-28,83.94285714285714
2022-08-29,82.97222222222223
2022-08-30,77.85185185185185
2022-08-31,79.44680851063829
2022-09-01,81.73076923076923
2022-09-02,81.8125
2022-09-03,79.54838709677419
2022-09-04,78.25925925925925
2022-09-05,80.12
2022-09-06,83.0
2022-09-07,79.84848484848484
2022-09-08,82.0
2022-09-09,82.32
2022-09-10,83.24137931034483
2022-09-11,82.16
2022-09-12,80.96
2022-09-13,82.12
2022-09-14,80.1875
2022-09-15,79.3103448275862
2022-09-16,82.54545454545455
2022-09-17,83.0
2022-09-18,82.55263157894737
2022-09-19,81.95
2022-09-20,84.5
2022-09-21,84.32
2022-09-22,83.68
2022-09-23,85.56
2022-09-24,83.08
2022-09-25,82.96296296296296
2022-09-26,81.4
2022-09-27,75.4
2022-09-28,76.36
2022-09-29,77.04
2022-09-30,73.6923076923077
2022-10-01,71.92
2022-10-02,70.8
2022-10-03,72.32
2022-10-04,75.52
2022-10-05,75.44
2022-10-06,77.32
2022-10-07,75.84
2022-10-08,76.84
2022-10-09,76.52
2022-10-10,76.72
2022-10-11,77.25
2022-10-12,78.78048780487805
2022-10-13,78.48
2022-10-14,77.0
2022-10-15,79.71052631578948
2022-10-16,75.93877551020408
2022-10-17,65.69444444444444
2022-10-18,59.76
2022-10-19,58.2
2022-10-20,67.84
2022-10-21,71.28
2022-10-22,73.96774193548387
2022-10-23,76.16129032258064
2022-10-24,72.23809523809524
2022-10-25,63.32
2022-10-26,60.68
2022-10-27,66.92857142857143
2022-10-28,62.36734693877551
2022-10-29,60.42424242424242
2022-10-30,62.8
2022-10-31,65.39285714285714
2022-11-01,63.351351351351354
2022-11-02,68.07317073170732
2022-11-03,74.23684210526316
2022-11-04,72.8695652173913
2022-11-05,61.44
2022-11-06,69.21052631578948
2022-11-07,76.56410256410257
2022-11-08,72.51428571428572
2022-11-09,72.46666666666667
2022-11-10,72.81818181818181
2022-11-11,57.483870967741936
2022-11-12,45.36
2022-11-13,48.0
2022-11-14,49.642857142857146
2022-11-15,43.25
2022-11-16,47.16
2022-11-17,51.0
2022-11-18,51.68
2022-11-19,40.8
2022-11-20,42.24
2022-11-21,44.06122448979592
2022-11-22,49.422222222222224
2022-11-23,59.08571428571429
2022-11-24,62.5921052631579
2022-11-25,57.41025641025641
2022-11-26,51.84615384615385
2022-11-27,57.4
2022-11-28,60.5
2022-11-29,72.0625
2022-11-30,48.15384615384615
2022-12-01,48.193548387096776
2022-12-02,56.766666666666666
2022-12-03,60.18181818181818
2022-12-04,55.56666666666667
2022-12-05,64.41025641025641
2022-12-06,71.02857142857142
2022-12-07,73.06060606060606
2022-12-08,72.91666666666667
2022-12-09,71.625
2022-12-10,71.42553191489361
2022-12-11,63.375
2022-12-12,63.75
2022-12-13,69.32142857142857
2022-12-14,57.7
2022-12-15,49.92
2022-12-16,46.925925925925924
2022-12-17,47.76
2022-12-18,45.84
2022-12-19,45.870370370370374
2022-12-20,48.354166666666664
2022-12-21,43.43589743589744
2022-12-22,37.4
2022-12-23,22.96
2022-12-24,28.76
2022-12-25,37.84
2022-12-26,46.32
2022-12-27,45.23076923076923
2022-12-28,59.73076923076923
2022-12-29,66.27777777777777
2022-12-30,57.04
2022-12-31,59.80769230769231
2023-01-01,62.55263157894737
2023-01-02,73.5
2023-01-03,63.5
2023-01-04,57.0
2023-01-05,54.08
2023-01-06,61.63636363636363
2023-01-07,66.56521739130434
2023-01-08,56.48
2023-01-09,57.84
2023-01-10,66.1875
2023-01-11,65.76666666666667
2023-01-12,58.32
2023-01-13,50.6
2023-01-14,50.84
2023-01-15,60.8
2023-01-16,66.51851851851852
2023-01-17,66.06060606060606
2023-01-18,67.61764705882354
2023-01-19,57.68
2023-01-20,54.08
2023-01-21,52.96774193548387
2023-01-22,49.76
2023-01-23,48.92
2023-01-24,47.44
2023-01-25,45.46666666666667
2023-01-26,44.16
2023-01-27,46.11538461538461
2023-01-28,53.680851063829785
2023-01-29,59.91228070175438
2023-01-30,33.53333333333333
2023-01-31,30.27777777777778
2023-02-01,31.27027027027027
2023-02-02,35.45614035087719
2023-02-03,42.275862068965516
2023-02-04,45.0
2023-02-05,53.6764705882353
2023-02-06,64.97222222222223
2023-02-07,63.205128205128204
2023-02-08,47.73809523809524
2023-02-09,56.84
2023-02-10,48.36
2023-02-11,45.4
2023-02-12,49.68
2023-02-13,58.542857142857144
2023-02-14,65.74285714285715
2023-02-15,64.94444444444444
2023-02-16,51.903225806451616
2023-02-17,42.48
2023-02-18,45.0
2023-02-19,58.4
2023-02-20,68.2258064516129
2023-02-21,71.26923076923077
2023-02-22,75.66666666666667
2023-02-23,67.0
2023-02-24,53.23076923076923
2023-02-25,54.810810810810814
2023-02-26,64.04878048780488
2023-02-27,69.60714285714286
2023-02-28,69.41379310344827
2023-03-01,73.55
2023-03-02,69.40677966101696
2023-03-03,60.6
2023-03-04,63.56
2023-03-05,64.89655172413794
2023-03-06,68.34285714285714
2023-03-07,73.16666666666667
2023-03-08,70.2051282051282
2023-03-09,70.16666666666667
2023-03-10,64.39393939393939
2023-03-11,72.25714285714285
2023-03-12,66.0
2023-03-13,58.36
2023-03-14,56.8
2023-03-15,61.92307692307692
2023-03-16,68.28571428571429
2023-03-17,49.56
2023-03-18,49.2
2023-03-19,49.24
2023-03-20,50.63333333333333
2023-03-21,60.96078431372549
2023-03-22,72.36111111111111
2023-03-23,75.19354838709677
2023-03-24,71.4
2023-03-25,67.96
2023-03-26,68.53333333333333
2023-03-27,69.0
2023-03-28,63.76
2023-03-29,63.15384615384615
2023-03-30,68.21739130434783
2023-03-31,74.36666666666666
2023-04-01,68.96
2023-04-02,71.88888888888889
2023-04-03,77.46875
2023-04-04,78.25
2023-04-05,66.29545454545455
2023-04-06,49.981818181818184
2023-04-07,51.854166666666664
2023-04-08,56.95
2023-04-09,64.20588235294117
2023-04-10,63.483870967741936
2023-04-11,64.08
2023-04-12,65.52
2023-04-13,66.25806451612904
2023-04-14,70.21052631578948
2023-04-15,75.24324324324324
2023-04-16,65.0
2023-04-17,66.04
2023-04-18,68.61904761904762
2023-04-19,73.75675675675676
2023-04-20,73.0
2023-04-21,68.55813953488372
2023-04-22,68.84
2023-04-23,57.275862068965516
2023-04-24,61.36666666666667
2023-04-25,66.6086956521739
2023-04-26,71.23529411764706
2023-04-27,67.30952380952381
2023-04-28,66.4090909090909
2023-04-29,63.8
2023-04-30,72.34615384615384
2023-05-01,71.84
2023-05-02,72.48648648648648
2023-05-03,74.0
2023-05-04,75.78571428571429
2023-05-05,79.52941176470588
2023-05-06,78.58823529411765
2023-05-07,76.84210526315789
2023-05-08,77.27027027027027
2023-05-09,72.22916666666667
2023-05-10,72.82142857142857
2023-05-11,79.2439024390244
2023-05-12,79.8157894736842
2023-05-13,67.43589743589743
2023-05-14,72.13953488372093
2023-05-15,73.2051282051282
2023-05-16,73.2258064516129
2023-05-17,76.96
2023-05-18,78.36
2023-05-19,79.06451612903226
2023-05-20,73.38888888888889
2023-05-21,70.44827586206897
2023-05-22,74.3103448275862
2023-05-23,79.07692307692308
2023-05-24,71.6774193548387
2023-05-25,75.3225806451613
2023-05-26,77.4
2023-05-27,76.4
2023-05-28,77.12
2023-05-29,76.64
2023-05-30,78.28
2023-05-31,78.33333333333333
2023-06-01,77.71794871794872
2023-06-02,78.88235294117646
2023-06-03,79.03333333333333
2023-06-04,74.2
2023-06-05,74.88888888888889
2023-06-06,77.32
2023-06-07,80.12
2023-06-08,80.25925925925925
2023-06-09,85.0
2023-06-10,81.71875
2023-06-11,83.6875
2023-06-12,83.6923076923077
2023-06-13,84.58620689655173
2023-06-14,85.66666666666667
2023-06-15,88.3125
2023-06-16,86.925
2023-06-17,86.25714285714285
2023-06-18,89.57142857142857
2023-06-19,89.1
2023-06-20,89.51724137931035
2023-06-21,85.77142857142857
2023-06-22,81.39473684210526
2023-06-23,85.93333333333334
2023-06-24,87.46666666666667
2023-06-25,88.21428571428571
2023-06-26,89.44
2023-06-27,89.48
2023-06-28,86.09375
2023-06-29,86.86666666666666
2023-06-30,86.54838709677419
2023-07-01,85.02857142857142
2023-07-02,87.04
2023-07-03,87.92
2023-07-04,85.76
2023-07-05,86.13793103448276
2023-07-06,82.41176470588235
2023-07-07,83.74074074074075
2023-07-08,86.02857142857142
2023-07-09,88.57142857142857
2023-07-10,88.60606060606061
2023-07-11,88.62068965517241
2023-07-12,90.5925925925926
2023-07-13,89.06060606060606
2023-07-14,88.7741935483871
2023-07-15,89.5
2023-07-16,90.34615384615384
2023-07-17,91.8
2023-07-18,91.84
2023-07-19,89.3
2023-07-20,89.75
2023-07-21,89.03703703703704
2023-07-22,90.18518518518519
2023-07-23,91.08
2023-07-24,89.88
2023-07-25,89.72
2023-07-26,88.82142857142857
2023-07-27,88.21428571428571
2023-07-28,88.92
2023-07-29,89.28
2023-07-30,90.64
2023-07-31,92.03703703703704
2023-08-01,89.88
2023-08-02,91.44
2023-08-03,88.96428571428571
2023-08-04,90.26923076923077
2023-08-05,90.96
2023-08-06,90.08
2023-08-07,90.88
2023-08-08,89.44444444444444
2023-08-09,89.55172413793103
2023-08-10,90.29629629629629
2023-08-11,87.71428571428571
2023-08-12,89.85185185185185
2023-08-13,88.57575757575758
2023-08-14,89.46428571428571
2023-08-15,89.44
2023-08-16,89.0
2023-08-17,92.0
2023-08-18,91.24
2023-08-19,88.85185185185185
2023-08-20,91.52
2023-08-21,92.0
2023-08-22,85.33333333333333
2023-08-23,87.43333333333334
2023-08-24,91.36
2023-08-25,92.08
2023-08-26,91.12
2023-08-27,88.0
2023-08-28,86.6
2023-08-29,87.08
2023-08-30,86.56
2023-08-31,87.11538461538461
2023-09-01,87.32
2023-09-02,87.88
2023-09-03,88.2
2023-09-04,86.84375
2023-09-05,87.90625
2023-09-06,87.05882352941177
2023-09-07,91.6
2023-09-08,92.68
2023-09-09,88.53333333333333
2023-09-10,87.64
2023-09-11,84.03333333333333
2023-09-12,84.0
2023-09-13,77.37037037037037
2023-09-14,77.27450980392157
2023-09-15,77.17948717948718
2023-09-16,75.0
2023-09-17,79.64
2023-09-18,81.84
2023-09-19,83.72
2023-09-20,84.68
2023-09-21,82.61904761904762
2023-09-22,83.93939393939394
2023-09-23,86.03225806451613
2023-09-24,83.69047619047619
2023-09-25,83.36666666666666
2023-09-26,83.52
2023-09-27,83.0
2023-09-28,82.88
2023-09-29,83.28
2023-09-30,82.13333333333334
2023-10-01,81.29629629629629
2023-10-02,81.25925925925925
2023-10-03,80.0625
2023-10-04,83.1891891891892
2023-10-05,71.69811320754717
2023-10-06,76.04
2023-10-07,67.32
2023-10-08,65.4
2023-10-09,69.96
2023-10-10,70.84
2023-10-11,68.20454545454545
2023-10-12,72.33333333333333
2023-10-13,79.96774193548387
2023-10-14,67.28
2023-10-15,63.72
2023-10-16,60.64
2023-10-17,61.0
2023-10-18,67.6
2023-10-19,70.88
2023-10-20,75.28
2023-10-21,76.64
2023-10-22,75.26470588235294
2023-10-23,72.42307692307692
2023-10-24,73.91111111111111
2023-10-25,76.41176470588235
2023-10-26,73.78947368421052
2023-10-27,76.84444444444445
2023-10-28,76.8409090909091
2023-10-29,60.17460317460318
2023-10-30,41.644444444444446
2023-10-31,48.76923076923077
2023-11-01,47.56
2023-11-02,50.52
2023-11-03,60.52
2023-11-04,65.58064516129032
2023-11-05,66.02777777777777
2023-11-06,69.34285714285714
2023-11-07,72.10344827586206
2023-11-08,73.0
2023-11-09,64.96923076923076
2023-11-10,54.0625
2023-11-11,56.10526315789474
2023-11-12,57.21951219512195
2023-11-13,58.785714285714285
2023-11-14,61.48
2023-11-15,60.24
2023-11-16,55.567567567567565
2023-11-17,63.205882352941174
2023-11-18,62.166666666666664
2023-11-19,61.829268292682926
2023-11-20,68.55882352941177
2023-11-21,54.68
2023-11-22,51.16
2023-11-23,49.76
2023-11-24,51.58620689655172
2023-11-25,53.44
2023-11-26,49.83870967741935
2023-11-27,47.32
2023-11-28,51.24
2023-11-29,54.65384615384615
2023-11-30,62.40350877192982
2023-12-01,58.48
2023-12-02,54.69230769230769
2023-12-03,57.48
2023-12-04,55.64
2023-12-05,54.48
2023-12-06,54.24
2023-12-07,59.4375
2023-12-08,65.5625
2023-12-09,65.51219512195122
2023-12-10,46.84
2023-12-11,48.2
2023-12-12,54.96153846153846
2023-12-13,53.41463414634146
2023-12-14,58.074074074074076
2023-12-15,57.32692307692308
2023-12-16,51.64
2023-12-17,52.56
2023-12-18,52.869565217391305
2023-12-19,53.04
2023-12-20,58.13157894736842
2023-12-21,60.1063829787234
2023-12-22,62.964285714285715
2023-12-23,63.813559322033896
2023-12-24,61.65384615384615
2023-12-25,46.92
2023-12-26,45.68
2023-12-27,50.32
2023-12-28,47.92
2023-12-29,45.44
2023-12-30,51.88
2023-12-31,55.583333333333336
2024-01-01,49.729729729729726
2024-01-02,46.22727272727273
2024-01-03,46.15
2024-01-04,47.785714285714285
2024-01-05,51.97222222222222
2024-01-06,48.48
2024-01-07,49.06896551724138
2024-01-08,56.4468085106383
2024-01-09,44.88
2024-01-10,49.16
2024-01-11,58.666666666666664
2024-01-12,50.18518518518518
2024-01-13,45.72
2024-01-14,24.0
2024-01-15,19.63888888888889
2024-01-16,23.96
2024-01-17,32.30769230769231
2024-01-18,53.857142857142854
2024-01-19,40.28
2024-01-20,33.88
2024-01-21,36.88636363636363
2024-01-22,46.73076923076923
2024-01-23,54.06666666666667
2024-01-24,51.73684210526316
2024-01-25,51.17307692307692
2024-01-26,52.675
2024-01-27,53.875
2024-01-28,52.36
2024-01-29,56.84
2024-01-30,58.6
2024-01-31,59.0
2024-02-01,60.92307692307692
2024-02-02,63.76271186440678
2024-02-03,59.57692307692308
2024-02-04,60.16
2024-02-05,55.96969696969697
2024-02-06,57.16
2024-02-07,59.333333333333336
2024-02-08,64.70588235294117
2024-02-09,67.21621621621621
2024-02-10,62.492063492063494
2024-02-11,54.56521739130435
2024-02-12,49.34615384615385
2024-02-13,52.88
2024-02-14,57.30769230769231
2024-02-15,63.40625
2024-02-16,64.28571428571429
2024-02-17,43.55555555555556
2024-02-18,43.88
2024-02-19,52.96
2024-02-20,62.8
2024-02-21,66.72222222222223
2024-02-22,71.6774193548387
2024-02-23,65.72
2024-02-24,65.0
2024-02-25,69.17241379310344
2024-02-26,68.03030303030303
2024-02-27,72.03333333333333
2024-02-28,55.52
2024-02-29,46.44444444444444
2024-03-01,52.86486486486486
2024-03-02,65.42857142857143
2024-03-03,69.70588235294117
2024-03-04,72.25531914893617
2024-03-05,74.04
2024-03-06,69.61538461538461
2024-03-07,70.4054054054054
2024-03-08,67.27027027027027
2024-03-09,53.333333333333336
2024-03-10,57.6
2024-03-11,63.72
2024-03-12,66.14285714285714
2024-03-13,72.8125
2024-03-14,74.53191489361703
2024-03-15,69.16981132075472
2024-03-16,65.87037037037037
2024-03-17,62.45454545454545
2024-03-18,59.08
2024-03-19,56.04
2024-03-20,60.75
2024-03-21,60.787234042553195
2024-03-22,60.851063829787236
2024-03-23,63.333333333333336
2024-03-24,65.21621621621621
2024-03-25,65.6969696969697
2024-03-26,57.52
2024-03-27,54.888888888888886
2024-03-28,61.2962962962963
2024-03-29,65.06060606060606
2024-03-30,68.41666666666667
2024-03-31,71.87179487179488
2024-04-01,74.65714285714286
2024-04-02,65.62962962962963
2024-04-03,64.92
2024-04-04,69.64
2024-04-05,72.04
2024-04-06,69.58536585365853
2024-04-07,70.6470588235294
2024-04-08,71.79545454545455
2024-04-09,70.7625
2024-04-10,62.73684210526316
2024-04-11,68.0
2024-04-12,68.56
2024-04-13,70.46666666666667
2024-04-14,72.0
2024-04-15,74.88095238095238
2024-04-16,73.6938775510204
2024-04-17,76.13461538461539
2024-04-18,77.91891891891892
2024-04-19,71.02857142857142
2024-04-20,61.589285714285715
2024-04-21,58.13793103448276
2024-04-22,62.52
2024-04-23,68.1470588235294
2024-04-24,73.78378378378379
2024-04-25,74.93181818181819
2024-04-26,76.28125
2024-04-27,77.95121951219512
2024-04-28,71.49019607843137
2024-04-29,76.83720930232558
2024-04-30,75.91428571428571
2024-05-01,72.94444444444444
2024-05-02,72.91891891891892
2024-05-03,73.08163265306122
2024-05-04,74.025
2024-05-05,71.90384615384616
2024-05-06,78.35
2024-05-07,79.4054054054054
2024-05-08,79.8
2024-05-09,81.60606060606061
2024-05-10,75.51724137931035
2024-05-11,72.65384615384616
2024-05-12,70.06666666666666
2024-05-13,71.23913043478261
2024-05-14,77.03846153846153
2024-05-15,80.08
2024-05-16,72.41071428571429
2024-05-17,73.25
2024-05-18,80.39285714285714
2024-05-19,81.23529411764706
2024-05-20,80.21212121212122
2024-05-21,82.82857142857142
2024-05-22,83.18181818181819
2024-05-23,82.61111111111111
2024-05-24,84.35714285714286
2024-05-25,84.71428571428571
2024-05-26,83.81818181818181
2024-05-27,86.96875
2024-05-28,80.66666666666667
2024-05-29,80.4074074074074
2024-05-30,82.97142857142858
2024-05-31,74.66666666666667
2024-06-01,81.46428571428571
2024-06-02,83.28571428571429
2024-06-03,84.13157894736842
2024-06-04,85.97368421052632
2024-06-05,80.8529411764706
2024-06-06,84.48
2024-06-07,84.96
2024-06-08,85.08
2024-06-09,83.47058823529412
2024-06-10,83.29411764705883
2024-06-11,79.65789473684211
2024-06-12,80.2
2024-06-13,85.2
2024-06-14,86.56
2024-06-15,84.82758620689656
2024-06-16,85.38709677419355
2024-06-17,84.625
2024-06-18,81.65714285714286
2024-06-19,76.31372549019608
2024-06-20,79.65217391304348
2024-06-21,81.58974358974359
2024-06-22,82.45714285714286
2024-06-23,85.4
2024-06-24,85.96666666666667
2024-06-25,86.20689655172414
2024-06-26,86.27586206896552
2024-06-27,88.92
2024-06-28,88.0
2024-06-29,87.42857142857143
2024-06-30,86.6470588235294
2024-07-01,88.88
2024-07-02,89.32
2024-07-03,87.84
2024-07-04,88.0
2024-07-05,86.36363636363636
2024-07-06,79.48780487804878
2024-07-07,81.7741935483871
2024-07-08,82.23529411764706
2024-07-09,85.08
2024-07-10,86.2
2024-07-11,85.4
2024-07-12,80.33333333333333
2024-07-13,80.68571428571428
2024-07-14,83.33333333333333
2024-07-15,85.8125
2024-07-16,86.37931034482759
2024-07-17,87.29629629629629
2024-07-18,82.26470588235294
2024-07-19,84.96296296296296
2024-07-20,85.72
2024-07-21,79.77142857142857
2024-07-22,78.4390243902439
2024-07-23,76.63793103448276
2024-07-24,80.27272727272727
2024-07-25,79.95121951219512
2024-07-26,78.64102564102564
2024-07-27,78.51219512195122
2024-07-28,80.7
2024-07-29,85.17241379310344
2024-07-30,83.10810810810811
2024-07-31,84.36363636363636
2024-08-01,83.54545454545455
2024-08-02,85.36666666666666
2024-08-03,87.84
2024-08-04,81.83333333333333
2024-08-05,85.24
2024-08-06,86.96
2024-08-07,88.96
2024-08-08,88.48
2024-08-09,86.25806451612904
2024-08-10,87.14814814814815
2024-08-11,86.62962962962963
2024-08-12,86.08823529411765
2024-08-13,86.83333333333333
2024-08-14,87.07407407407408
2024-08-15,86.02941176470588
2024-08-16,87.75862068965517
2024-08-17,88.72
2024-08-18,89.36
2024-08-19,89.56
2024-08-20,91.6
2024-08-21,93.74074074074075
2024-08-22,92.56
2024-08-23,86.0
2024-08-24,86.16129032258064
2024-08-25,86.4
2024-08-26,80.3103448275862
2024-08-27,77.38297872340425
2024-08-28,79.85714285714286
2024-08-29,80.42857142857143
2024-08-30,81.89189189189189
2024-08-31,83.64285714285714
2024-09-01,84.32
2024-09-02,81.84210526315789
2024-09-03,79.53333333333333
2024-09-04,79.64
2024-09-05,77.4054054054054
2024-09-06,79.84848484848484
2024-09-07,79.64
2024-09-08,75.24
2024-09-09,75.44
2024-09-10,79.76
2024-09-11,79.08333333333333
2024-09-12,79.03125
2024-09-13,83.56
2024-09-14,85.20689655172414
2024-09-15,85.6
2024-09-16,85.44
2024-09-17,85.0
2024-09-18,84.90322580645162
2024-09-19,85.03125
2024-09-20,84.75
2024-09-21,83.60606060606061
2024-09-22,83.29411764705883
2024-09-23,82.41379310344827
2024-09-24,81.93103448275862
2024-09-25,79.48
2024-09-26,76.4
2024-09-27,77.47368421052632
2024-09-28,76.57894736842105
2024-09-29,80.625
2024-09-30,80.04761904761905
2024-10-01,82.2
2024-10-02,81.36
2024-10-03,81.54166666666667
2024-10-04,80.68
2024-10-05,81.36
2024-10-06,81.125
2024-10-07,82.16666666666667
2024-10-08,79.6
2024-10-09,76.52
2024-10-10,78.88
2024-10-11,78.12
2024-10-12,79.04
2024-10-13,82.08
2024-10-14,79.68
2024-10-15,78.96
2024-10-16,66.16
2024-10-17,64.28
2024-10-18,68.44444444444444
2024-10-19,72.32
2024-10-20,72.16
2024-10-21,71.92592592592592
2024-10-22,75.33333333333333
2024-10-23,76.72
2024-10-24,76.38235294117646
2024-10-25,77.71428571428571
2024-10-26,77.04
2024-10-27,78.76
2024-10-28,76.38888888888889
2024-10-29,78.48387096774194
2024-10-30,79.64516129032258
2024-10-31,75.875
2024-11-01,71.78378378378379
2024-11-02,74.42424242424242
2024-11-03,77.28205128205128
2024-11-04,71.96153846153847
2024-11-05,61.935483870967744
2024-11-06,65.04
2024-11-07,75.02777777777777
2024-11-08,73.05263157894737
2024-11-09,67.28
2024-11-10,71.16
2024-11-11,70.32
2024-11-12,69.64
2024-11-13,70.92592592592592
2024-11-14,62.16
2024-11-15,60.28
2024-11-16,68.04
2024-11-17,72.825
2024-11-18,67.0
2024-11-19,63.2
2024-11-20,56.8
2024-11-21,54.68
2024-11-22,58.12
2024-11-23,61.44
2024-11-24,69.0
2024-11-25,63.04
2024-11-26,55.689655172413794
2024-11-27,65.81481481481481
2024-11-28,52.6
2024-11-29,47.84
2024-11-30,53.07692307692308
2024-12-01,57.0
2024-12-02,56.04
2024-12-03,54.42857142857143
2024-12-04,55.6
2024-12-05,55.75675675675676
2024-12-06,47.36
2024-12-07,44.10344827586207
2024-12-08,50.283018867924525
2024-12-09,59.48275862068966
2024-12-10,51.07142857142857
2024-12-11,47.24
2024-12-12,53.357142857142854
2024-12-13,61.323076923076925
2024-12-14,68.29508196721312
2024-12-15,70.42105263157895
2024-12-16,70.97560975609755
2024-12-17,69.97222222222223
2024-12-18,62.90909090909091
2024-12-19,53.24
2024-12-20,53.68
2024-12-21,49.36
2024-12-22,57.74074074074074
2024-12-23,65.12903225806451
2024-12-24,66.8974358974359
2024-12-25,56.94736842105263
2024-12-26,61.375
2024-12-27,61.851851851851855
2024-12-28,68.5
2024-12-29,61.6
2024-12-30,66.92
2024-12-31,59.416666666666664
2025-01-01,49.44
2025-01-02,55.56666666666667
2025-01-03,59.224489795918366
2025-01-04,65.02564102564102
2025-01-05,60.67741935483871
2025-01-06,36.08
2025-01-07,37.56
2025-01-08,37.52
2025-01-09,36.607142857142854
2025-01-10,38.18421052631579
2025-01-11,42.4
2025-01-12,47.68
2025-01-13,45.96
2025-01-14,45.84
2025-01-15,52.16
2025-01-16,49.8
2025-01-17,54.333333333333336
2025-01-18,50.68
2025-01-19,33.4
2025-01-20,28.56
2025-01-21,29.193548387096776
2025-01-22,35.92
2025-01-23,42.75
2025-01-24,43.958333333333336
2025-01-25,48.5
2025-01-26,52.07142857142857
2025-01-27,49.275862068965516
2025-01-28,49.73076923076923
2025-01-29,59.075471698113205
2025-01-30,62.45652173913044
2025-01-31,55.57692307692308
2025-02-01,58.52
2025-02-02,63.32
2025-02-03,68.1891891891892
2025-02-04,71.90322580645162
2025-02-05,69.67441860465117
2025-02-06,71.16129032258064
2025-02-07,72.09375
2025-02-08,74.72413793103448
2025-02-09,56.0
2025-02-10,48.21621621621622
2025-02-11,49.016129032258064
2025-02-12,46.93023255813954
2025-02-13,38.148148148148145
2025-02-14,43.97222222222222
2025-02-15,56.04761904761905
2025-02-16,44.52
2025-02-17,50.392857142857146
2025-02-18,49.666666666666664
2025-02-19,24.205882352941178
2025-02-20,28.0
2025-02-21,33.5
2025-02-22,37.34782608695652
2025-02-23,49.05882352941177
2025-02-24,55.96551724137931
2025-02-25,58.91428571428571
2025-02-26,68.13333333333334
2025-02-27,61.96666666666667
2025-02-28,61.07692307692308
2025-03-01,67.84
2025-03-02,68.48275862068965
2025-03-03,71.11428571428571
2025-03-04,66.28571428571429
2025-03-05,59.19230769230769
2025-03-06,60.111111111111114
2025-03-07,70.25925925925925
2025-03-08,66.15384615384616
2025-03-09,51.714285714285715
2025-03-10,59.84
2025-03-11,66.16
2025-03-12,70.75
2025-03-13,74.91666666666667
2025-03-14,76.82758620689656
2025-03-15,67.86666666666666
2025-03-16,63.08
2025-03-17,65.12
2025-03-18,70.82142857142857
2025-03-19,67.46153846153847
2025-03-20,57.24
2025-03-21,62.16
2025-03-22,68.03571428571429
2025-03-23,73.16279069767442
2025-03-24,71.625
2025-03-25,75.52
2025-03-26,69.79166666666667
2025-03-27,64.83928571428571
2025-03-28,65.97777777777777
2025-03-29,71.84210526315789
2025-03-30,72.3030303030303
2025-03-31,69.25
2025-04-01,72.18181818181819
2025-04-02,76.66666666666667
2025-04-03,77.3
2025-04-04,74.04878048780488
2025-04-05,57.43333333333333
2025-04-06,48.6875
2025-04-07,55.16
2025-04-08,61.96
2025-04-09,70.36
2025-04-10,73.6
2025-04-11,74.32
2025-04-12,75.08
2025-04-13,74.37037037037037
2025-04-14,75.5
2025-04-15,72.96428571428571
2025-04-16,71.78378378378379
2025-04-17,75.17241379310344
2025-04-18,77.8
2025-04-19,75.11428571428571
2025-04-20,72.32432432432432
2025-04-21,72.8
2025-04-22,75.05128205128206
2025-04-23,73.44444444444444
2025-04-24,73.2439024390244
2025-04-25,73.51219512195122
2025-04-26,74.54761904761905
2025-04-27,74.9
2025-04-28,76.88235294117646
2025-04-29,76.96428571428571
2025-04-30,77.42857142857143
2025-05-01,77.82142857142857
2025-05-02,70.22857142857143
2025-05-03,69.28
2025-05-04,69.62962962962963
2025-05-05,66.06122448979592
2025-05-06,70.1086956521739
2025-05-07,70.06896551724138
2025-05-08,72.04
2025-05-09,72.4
2025-05-10,69.87096774193549
2025-05-11,70.6
2025-05-12,74.12
2025-05-13,82.2
2025-05-14,82.17241379310344
2025-05-15,81.7741935483871
2025-05-16,83.64102564102564
2025-05-17,85.23333333333333
2025-05-18,82.03030303030303
2025-05-19,82.18181818181819
2025-05-20,83.75
2025-05-21,81.32
2025-05-22,84.42424242424242
2025-05-23,81.66666666666667
2025-05-24,84.0
2025-05-25,84.5
2025-05-26,75.8936170212766
2025-05-27,76.06451612903226
2025-05-28,75.37142857142857
2025-05-29,77.15384615384616
2025-05-30,75.02564102564102
2025-05-31,78.70370370370371
2025-06-01,83.92
2025-06-02,82.46428571428571
2025-06-03,81.86111111111111
2025-06-04,81.35714285714286
2025-06-05,82.82857142857142
2025-06-06,84.64285714285714
2025-06-07,84.4
2025-06-08,85.3225806451613
2025-06-09,80.86666666666666
2025-06-10,80.0
2025-06-11,76.83783783783784
2025-06-12,73.04545454545455
2025-06-13,80.4
2025-06-14,80.44444444444444
2025-06-15,78.02380952380952
2025-06-16,82.6774193548387
2025-06-17,83.36
2025-06-18,84.6896551724138
2025-06-19,85.21212121212122
2025-06-20,83.775
2025-06-21,82.89189189189189
2025-06-22,84.375
2025-06-23,84.54838709677419
2025-06-24,80.95121951219512
2025-06-25,80.43589743589743
2025-06-26,80.3157894736842
2025-06-27,84.42307692307692
2025-06-28,84.12903225806451
2025-06-29,83.33333333333333
2025-06-30,80.48387096774194
2025-07-01,83.5
2025-07-02,80.94285714285714
2025-07-03,77.63461538461539
2025-07-04,76.93442622950819
2025-07-05,75.28571428571429
2025-07-06,77.63636363636364
2025-07-07,80.33333333333333
2025-07-08,80.82857142857142
2025-07-09,76.48571428571428
2025-07-10,81.68
2025-07-11,81.17647058823529
2025-07-12,83.2258064516129
2025-07-13,77.02439024390245
2025-07-14,81.475
2025-07-15,83.28125
2025-07-16,84.03125
2025-07-17,82.38235294117646
2025-07-18,84.64
2025-07-19,82.51612903225806
2025-07-20,81.93333333333334
2025-07-21,82.48484848484848
2025-07-22,83.47058823529412
2025-07-23,84.78125
2025-07-24,85.48484848484848
2025-07-25,82.24
2025-07-26,81.56410256410257
2025-07-27,82.23684210526316
2025-07-28,84.2258064516129
2025-07-29,85.96
2025-07-30,85.8
2025-07-31,87.48148148148148
2025-08-01,86.73076923076923
2025-08-02,84.76
2025-08-03,86.6
2025-08-04,81.35483870967742
2025-08-05,85.08
2025-08-06,86.23333333333333
2025-08-07,88.16
2025-08-08,88.68
2025-08-09,87.88
2025-08-10,86.88
2025-08-11,86.03448275862068
2025-08-12,86.68
2025-08-13,84.46153846153847
2025-08-14,88.16
2025-08-15,82.625
2025-08-16,85.03333333333333
2025-08-17,87.51851851851852
2025-08-18,89.68
2025-08-19,85.23076923076923
2025-08-20,84.24
2025-08-21,77.3030303030303
2025-08-22,81.6
2025-08-23,83.56
2025-08-24,85.92
2025-08-25,77.33333333333333
